XAccel,ZAccel
0.65576171875,-0.761871337890625
0.672882080078125,-0.7557830810546875
0.684844970703125,-0.764404296875
0.690765380859375,-0.767242431640625
0.6995086669921875,-0.7651214599609375
0.7121124267578125,-0.760498046875
0.7139739990234375,-0.754119873046875
0.7057037353515625,-0.7547760009765625
0.7017974853515625,-0.75775146484375
0.6942596435546875,-0.7466278076171875
0.6625518798828125,-0.72711181640625
0.6449127197265625,-0.70245361328125
0.62725830078125,-0.671478271484375
0.6163177490234375,-0.6526947021484375
0.5846099853515625,-0.6307373046875
0.5584564208984375,-0.61895751953125
0.5668182373046875,-0.642333984375
0.5881500244140625,-0.6435699462890625
0.5753173828125,-0.6522064208984375
0.56475830078125,-0.61663818359375
0.5766754150390625,-0.6107177734375
0.6349639892578125,-0.634246826171875
0.6472320556640625,-0.65850830078125
0.6650543212890625,-0.6483917236328125
0.7075653076171875,-0.6510467529296875
0.736053466796875,-0.6227874755859375
0.7658233642578125,-0.663909912109375
0.8116302490234375,-0.7129364013671875
0.814666748046875,-0.7354583740234375
0.8455047607421875,-0.7291412353515625
0.8782501220703125,-0.7247161865234375
0.90594482421875,-0.7437744140625
0.902008056640625,-0.7443084716796875
0.8815155029296875,-0.723602294921875
0.8729248046875,-0.717803955078125
0.8621063232421875,-0.6959228515625
0.818939208984375,-0.68011474609375
0.8008880615234375,-0.6627655029296875
0.785400390625,-0.662628173828125
0.7902679443359375,-0.65380859375
0.8008270263671875,-0.668304443359375
0.7982177734375,-0.678680419921875
0.78973388671875,-0.6700286865234375
0.779632568359375,-0.6521148681640625
0.7713470458984375,-0.64984130859375
0.76312255859375,-0.653900146484375
0.7566375732421875,-0.6457061767578125
0.7463836669921875,-0.6497650146484375
0.764434814453125,-0.6768035888671875
0.77947998046875,-0.6653594970703125
0.7836456298828125,-0.6574249267578125
0.7822723388671875,-0.6584625244140625
0.778717041015625,-0.6647491455078125
0.7843170166015625,-0.6667022705078125
0.78631591796875,-0.6720123291015625
0.781524658203125,-0.675537109375
0.7866363525390625,-0.689605712890625
0.794342041015625,-0.70709228515625
0.790252685546875,-0.7032012939453125
0.782745361328125,-0.6998443603515625
0.7666473388671875,-0.7030487060546875
0.7532501220703125,-0.6862335205078125
0.740875244140625,-0.6810302734375
0.74432373046875,-0.6814727783203125
0.73468017578125,-0.6826629638671875
0.726959228515625,-0.6719512939453125
0.7287750244140625,-0.6817779541015625
0.7308502197265625,-0.690032958984375
0.725860595703125,-0.6866912841796875
0.716094970703125,-0.69024658203125
0.7079925537109375,-0.678619384765625
0.70892333984375,-0.6756744384765625
0.70867919921875,-0.6942138671875
0.70794677734375,-0.712738037109375
0.72332763671875,-0.730987548828125
0.753814697265625,-0.7225799560546875
0.78460693359375,-0.7460174560546875
0.81134033203125,-0.7694549560546875
0.8020782470703125,-0.778839111328125
0.800750732421875,-0.7765045166015625
0.807708740234375,-0.7544097900390625
0.8353424072265625,-0.768829345703125
0.8394012451171875,-0.7577056884765625
0.8577117919921875,-0.7553253173828125
0.8260345458984375,-0.772857666015625
0.778106689453125,-0.7506561279296875
0.6945037841796875,-0.6714324951171875
0.6234130859375,-0.5618743896484375
0.57513427734375,-0.493988037109375
0.5279541015625,-0.3866729736328125
0.462493896484375,-0.3243560791015625
0.373260498046875,-0.308563232421875
0.40240478515625,-0.3917388916015625
0.3175201416015625,-0.42596435546875
0.318634033203125,-0.63134765625
0.12579345703125,-0.46209716796875
-0.098419189453125,-0.325775146484375
-0.0302581787109375,-0.56298828125
0.147552490234375,-0.693572998046875
0.07891845703125,-0.699005126953125
0.0908355712890625,-0.71099853515625
0.1845855712890625,-0.7398529052734375
0.2288055419921875,-0.7060394287109375
0.2129974365234375,-0.7180938720703125
0.21337890625,-0.7265167236328125
0.1985931396484375,-0.7121734619140625
0.184783935546875,-0.673370361328125
0.28338623046875,-0.762176513671875
0.329132080078125,-0.867828369140625
0.300750732421875,-0.9319915771484375
0.197052001953125,-0.901031494140625
0.1324310302734375,-1.0185394287109375
0.0626068115234375,-1.12921142578125
0.0233612060546875,-1.117462158203125
-0.0274658203125,-1.080535888671875
-0.064727783203125,-1.0094451904296875
-0.102264404296875,-1.00262451171875
-0.1567230224609375,-0.915557861328125
-0.1700286865234375,-0.766815185546875
-0.2248382568359375,-0.6464080810546875
-0.271087646484375,-0.5874786376953125
-0.2891693115234375,-0.51080322265625
-0.3382568359375,-0.382232666015625
-0.361541748046875,-0.3110504150390625
-0.40020751953125,-0.26519775390625
-0.45672607421875,-0.206451416015625
-0.4355010986328125,-0.071319580078125
-0.4727325439453125,0.0663299560546875
-0.476318359375,0.1622314453125
-0.5653839111328125,0.252777099609375
-0.46466064453125,0.2995147705078125
-0.46575927734375,0.4278717041015625
-0.4289398193359375,0.48968505859375
-0.353515625,0.5974273681640625
-0.3609619140625,0.7767791748046875
-0.3112945556640625,0.9605255126953125
-0.31591796875,1.1922760009765625
-0.3191986083984375,1.2367095947265625
-0.272430419921875,1.16033935546875
-0.2605438232421875,1.1916961669921875
-0.2346954345703125,1.3631134033203125
-0.1431732177734375,1.3871307373046875
-0.08154296875,1.5344085693359375
0.0128326416015625,1.617340087890625
0.0435028076171875,1.6721649169921875
0.0899810791015625,1.9189453125
0.2777862548828125,2.15478515625
0.480194091796875,2.3739471435546875
0.58087158203125,2.901580810546875
1.203094482421875,3.6458282470703125
2.1114044189453125,3.4694671630859375
4.3778839111328125,0.91314697265625
5.9713134765625,0.476898193359375
12.510604858398438,4.8655853271484375
12.15167236328125,-4.3764801025390625
5.4263153076171875,-4.2091217041015625
3.59259033203125,-3.994384765625
2.130462646484375,-3.2129058837890625
1.747222900390625,-3.071441650390625
1.4631195068359375,-3.04473876953125
1.4963531494140625,-2.4705352783203125
1.249542236328125,-2.0326080322265625
1.0947113037109375,-1.8769378662109375
0.928863525390625,-1.7213287353515625
0.840423583984375,-1.4061431884765625
0.7285919189453125,-1.16619873046875
0.7219696044921875,-1.0620574951171875
0.826385498046875,-0.9122467041015625
0.865203857421875,-0.695220947265625
0.859771728515625,-0.5599365234375
0.83636474609375,-0.4736785888671875
0.830902099609375,-0.4253082275390625
0.8799591064453125,-0.396942138671875
0.8460845947265625,-0.3720245361328125
0.84381103515625,-0.3440704345703125
0.8314208984375,-0.30181884765625
0.8463287353515625,-0.322509765625
0.7904815673828125,-0.354400634765625
0.7706451416015625,-0.4199676513671875
0.6705322265625,-0.420745849609375
0.7099609375,-0.4512176513671875
0.7155609130859375,-0.4766693115234375
0.7089385986328125,-0.4563140869140625
0.710968017578125,-0.4546051025390625
0.7734832763671875,-0.5171966552734375
0.800048828125,-0.571563720703125
0.7709197998046875,-0.58087158203125
0.7411041259765625,-0.6189117431640625
0.7050933837890625,-0.6515655517578125
0.6676025390625,-0.60601806640625
0.6178741455078125,-0.5788421630859375
0.601348876953125,-0.5835418701171875
0.588623046875,-0.57745361328125
0.5909576416015625,-0.6039886474609375
0.589935302734375,-0.6037445068359375
0.5546722412109375,-0.5505523681640625
0.5162811279296875,-0.5125732421875
0.510284423828125,-0.513824462890625
0.541717529296875,-0.54217529296875
0.5983428955078125,-0.49395751953125
0.62359619140625,-0.379638671875
0.684967041015625,-0.317718505859375
0.831298828125,-0.2741546630859375
0.9474945068359375,-0.22076416015625
1.0175933837890625,-0.224761962890625
1.030731201171875,-0.2545166015625
0.995147705078125,-0.2181396484375
0.9644775390625,-0.291351318359375
0.9608306884765625,-0.42181396484375
0.9555511474609375,-0.487335205078125
0.938262939453125,-0.4407958984375
0.928955078125,-0.35064697265625
0.9437713623046875,-0.303497314453125
0.9392852783203125,-0.344696044921875
0.9498291015625,-0.46038818359375
0.902496337890625,-0.46173095703125
0.8538360595703125,-0.388092041015625
0.834259033203125,-0.357421875
0.814605712890625,-0.3971710205078125
0.8390045166015625,-0.4308624267578125
0.8392181396484375,-0.4375
0.87103271484375,-0.45587158203125
0.8641815185546875,-0.4634857177734375
0.92340087890625,-0.47607421875
1.0200042724609375,-0.47967529296875
1.05133056640625,-0.465606689453125
0.922698974609375,-0.436279296875
0.71441650390625,-0.3921051025390625
0.624481201171875,-0.465545654296875
0.602203369140625,-0.45367431640625
0.551788330078125,-0.358612060546875
0.5389556884765625,-0.2621612548828125
0.585235595703125,-0.2109375
0.6124420166015625,-0.2074737548828125
0.6138763427734375,-0.193145751953125
0.5643157958984375,-0.166290283203125
0.522430419921875,-0.1578826904296875
0.567352294921875,-0.1493377685546875
0.62615966796875,-0.186187744140625
0.641510009765625,-0.2971649169921875
0.65045166015625,-0.4120941162109375
0.613494873046875,-0.464874267578125
0.6597900390625,-0.5676422119140625
0.720123291015625,-0.763336181640625
0.730255126953125,-0.824615478515625
0.734588623046875,-0.7765655517578125
0.77105712890625,-0.741485595703125
0.804779052734375,-0.72589111328125
0.828094482421875,-0.7159881591796875
0.813446044921875,-0.6922607421875
0.838104248046875,-0.69049072265625
0.89312744140625,-0.66717529296875
0.928192138671875,-0.6081695556640625
0.93414306640625,-0.5313568115234375
0.901885986328125,-0.488311767578125
0.882843017578125,-0.4876861572265625
0.8841400146484375,-0.49700927734375
0.881591796875,-0.4536590576171875
0.8748016357421875,-0.415313720703125
0.877349853515625,-0.418701171875
0.905975341796875,-0.416656494140625
0.8984375,-0.3898162841796875
0.898956298828125,-0.3658447265625
0.9382171630859375,-0.37493896484375
0.9234161376953125,-0.4358978271484375
0.8788299560546875,-0.480194091796875
0.85247802734375,-0.462982177734375
0.83795166015625,-0.426971435546875
0.8388214111328125,-0.4111785888671875
0.8719635009765625,-0.39385986328125
0.8778076171875,-0.38043212890625
0.9248046875,-0.3552093505859375
1.0089263916015625,-0.3581695556640625
1.029388427734375,-0.3861083984375
0.9656829833984375,-0.401397705078125
0.934356689453125,-0.4004669189453125
0.8920745849609375,-0.4080810546875
0.8873443603515625,-0.4179229736328125
0.9026031494140625,-0.4181976318359375
0.90362548828125,-0.405853271484375
0.8860931396484375,-0.40618896484375
0.8841552734375,-0.3984832763671875
0.91400146484375,-0.3844146728515625
0.9394378662109375,-0.41741943359375
0.950592041015625,-0.46173095703125
0.9267425537109375,-0.4425811767578125
0.9161834716796875,-0.4266204833984375
0.9526519775390625,-0.5179290771484375
0.977203369140625,-0.5144195556640625
0.9058074951171875,-0.42724609375
0.8701324462890625,-0.4861907958984375
0.826904296875,-0.630157470703125
0.839324951171875,-0.6186676025390625
0.7633209228515625,-0.56439208984375
0.674530029296875,-0.6788177490234375
0.6379852294921875,-0.719451904296875
0.572845458984375,-0.655364990234375
0.3785858154296875,-0.8103790283203125
0.2612762451171875,-0.62786865234375
0.28466796875,-0.3233184814453125
0.2053070068359375,-0.282928466796875
0.1271820068359375,-0.0528106689453125
0.0665435791015625,0.1730194091796875
0.145965576171875,0.4047698974609375
0.18829345703125,0.2515869140625
0.112579345703125,0.220733642578125
0.22320556640625,0.383056640625
0.1838226318359375,0.2718658447265625
0.6882781982421875,0.3220977783203125
0.93017578125,0.3175201416015625
0.8188323974609375,0.22210693359375
0.7637176513671875,-0.1563568115234375
1.2252044677734375,0.1928558349609375
1.516387939453125,0.4324951171875
1.6737213134765625,0.294525146484375
1.634796142578125,0.720428466796875
2.0527496337890625,1.33624267578125
1.9340362548828125,1.1613311767578125
1.351593017578125,-3.28314208984375
0.7917633056640625,1.3934783935546875
0.719635009765625,1.563079833984375
0.6388092041015625,2.3770599365234375
0.6600494384765625,2.0206451416015625
0.8404998779296875,0.987579345703125
0.5421905517578125,0.821807861328125
0.61865234375,1.3264007568359375
0.57244873046875,1.005401611328125
0.644866943359375,1.296173095703125
0.9855499267578125,1.146270751953125
0.894195556640625,0.95050048828125
0.70843505859375,0.8742218017578125
0.5959625244140625,0.656341552734375
0.5978546142578125,0.6888580322265625
0.6045379638671875,0.8011474609375
0.656585693359375,0.6469573974609375
0.6643829345703125,0.267913818359375
0.6171417236328125,0.3341064453125
0.6815185546875,0.265533447265625
0.62005615234375,0.352569580078125
0.5552978515625,0.195648193359375
0.5101318359375,0.0925445556640625
0.4253997802734375,0.0793304443359375
0.336639404296875,0.1019439697265625
0.3192901611328125,0.11846923828125
0.3728179931640625,-0.1257781982421875
0.3928985595703125,-0.4985809326171875
0.033416748046875,-0.12176513671875
0.0757293701171875,-0.3967437744140625
-0.0091400146484375,-0.5784149169921875
-0.0838623046875,-0.537353515625
-0.101318359375,-0.3929290771484375
-0.087432861328125,-0.5794677734375
-0.04296875,-0.732696533203125
-0.05548095703125,-0.7182464599609375
-0.0145263671875,-0.8729400634765625
-0.05413818359375,-0.7256622314453125
-0.120880126953125,-0.5760650634765625
-0.1416168212890625,-0.3896331787109375
-0.07440185546875,-0.4053192138671875
0.03497314453125,-0.806549072265625
0.00970458984375,-0.729095458984375
-0.006561279296875,-0.77093505859375
0.02532958984375,-0.84649658203125
-0.070281982421875,-0.7733917236328125
-0.132965087890625,-0.94122314453125
-0.103546142578125,-0.7659454345703125
-0.032928466796875,-0.617889404296875
-0.0647735595703125,-0.487396240234375
-0.0288543701171875,-0.5469512939453125
-0.0453948974609375,-0.6385650634765625
0.00030517578125,-0.6396026611328125
0.0751953125,-0.78631591796875
0.01678466796875,-0.8203582763671875
0.080535888671875,-0.970947265625
-0.053253173828125,-1.155853271484375
-0.1636810302734375,-1.368408203125
-0.145355224609375,-1.290740966796875
-0.1813812255859375,-1.03814697265625
-0.077728271484375,-0.992340087890625
-0.0165252685546875,-1.2373504638671875
0.006439208984375,-1.126556396484375
-0.010162353515625,-0.8926849365234375
0.02667236328125,-0.8720550537109375
-0.0269012451171875,-0.9875946044921875
-0.066864013671875,-0.961700439453125
-0.104400634765625,-0.8623809814453125
-0.1544647216796875,-0.7677459716796875
-0.1933441162109375,-0.745269775390625
-0.2476043701171875,-0.585906982421875
-0.31414794921875,-0.480224609375
-0.365203857421875,-0.4202117919921875
-0.4686431884765625,-0.3019561767578125
-0.4485626220703125,-0.228759765625
-0.4860992431640625,-0.0052337646484375
-0.5469818115234375,0.1851348876953125
-0.516326904296875,0.291046142578125
-0.4968719482421875,0.4192657470703125
-0.442718505859375,0.5861053466796875
-0.388275146484375,0.766845703125
-0.3989715576171875,0.8901214599609375
-0.382110595703125,1.073333740234375
-0.353424072265625,1.3148345947265625
-0.365234375,1.4049835205078125
-0.3085784912109375,1.6238861083984375
-0.1991119384765625,1.6865386962890625
-0.1656951904296875,1.8889617919921875
-0.0483245849609375,2.1773681640625
0.1350860595703125,2.4605712890625
0.274627685546875,2.4667205810546875
0.5421142578125,3.0186767578125
1.0722198486328125,3.7702178955078125
1.5550384521484375,4.1317596435546875
3.6008758544921875,1.7586822509765625
5.854705810546875,1.82879638671875
6.98492431640625,8.399810791015625
16.011825561523438,4.205841064453125
13.705398559570312,-1.37939453125
5.2978668212890625,-3.7567138671875
3.5603179931640625,-1.8638458251953125
2.60321044921875,-2.1526947021484375
3.4495849609375,-2.9600677490234375
2.966827392578125,-2.7364349365234375
2.166717529296875,-2.073272705078125
1.771148681640625,-1.5256805419921875
1.8107757568359375,-1.2426910400390625
1.625579833984375,-1.120208740234375
1.4309844970703125,-1.0384979248046875
1.252960205078125,-0.8773193359375
1.142120361328125,-0.6385955810546875
1.09710693359375,-0.394775390625
1.036529541015625,-0.20526123046875
1.03741455078125,-0.105926513671875
0.9928131103515625,-0.1221160888671875
0.9273834228515625,-0.1358642578125
0.91827392578125,-0.0169677734375
0.951751708984375,0.021240234375
0.8551788330078125,-0.0480499267578125
0.7760467529296875,-0.12713623046875
0.78900146484375,-0.1435089111328125
0.852752685546875,-0.0829620361328125
0.786376953125,-0.0584716796875
0.6868438720703125,-0.0832672119140625
0.7358856201171875,-0.14813232421875
0.75494384765625,-0.1875
0.712432861328125,-0.1981658935546875
0.7569122314453125,-0.23614501953125
0.8371429443359375,-0.3120574951171875
0.895416259765625,-0.3745574951171875
0.893402099609375,-0.38134765625
0.924530029296875,-0.4105224609375
0.9333038330078125,-0.4152069091796875
0.912628173828125,-0.43896484375
0.9207611083984375,-0.445770263671875
0.8979339599609375,-0.434356689453125
0.8642120361328125,-0.44317626953125
0.8352508544921875,-0.4426422119140625
0.8487091064453125,-0.4599761962890625
0.8701171875,-0.4714202880859375
0.905670166015625,-0.5923004150390625
0.982086181640625,-0.7051239013671875
1.0133056640625,-0.7614593505859375
0.966094970703125,-0.5555877685546875
0.970794677734375,-0.4120635986328125
0.9545745849609375,-0.3185882568359375
0.81427001953125,-0.1308746337890625
0.862335205078125,-0.3829193115234375
0.965301513671875,-0.2178802490234375
1.2991485595703125,0.1308746337890625
1.496551513671875,-0.1298980712890625
1.020660400390625,-0.5034637451171875
0.7771759033203125,-0.8683624267578125
0.7263336181640625,-0.3948974609375
0.3556060791015625,0.0746612548828125
0.090667724609375,0.3917236328125
-0.0050811767578125,0.504852294921875
0.2039642333984375,0.683074951171875
0.3883819580078125,0.644744873046875
0.4366607666015625,0.669097900390625
0.4501953125,0.900390625
0.360565185546875,0.7355194091796875
0.273101806640625,0.6860809326171875
0.202484130859375,0.9022064208984375
0.0328369140625,0.92041015625
-0.0712890625,0.971435546875
-0.2755279541015625,0.9613800048828125
-0.40216064453125,0.8618927001953125
-0.4530792236328125,0.8489532470703125
-0.3448028564453125,0.7533416748046875
-0.2562103271484375,0.6923065185546875
-0.1500091552734375,0.7410125732421875
-0.0659332275390625,0.8054046630859375
-0.0097503662109375,0.8383331298828125
0.0568695068359375,0.6670074462890625
0.17486572265625,0.9541473388671875
0.2655487060546875,1.01995849609375
0.256317138671875,0.8437347412109375
0.202056884765625,0.57794189453125
0.1701812744140625,0.470428466796875
0.1579437255859375,0.444091796875
0.1842498779296875,0.4971160888671875
0.2253570556640625,0.65179443359375
0.326202392578125,0.5778961181640625
0.403564453125,0.3617095947265625
0.394775390625,0.2620391845703125
0.3411102294921875,0.266387939453125
0.332305908203125,0.3195037841796875
0.3499298095703125,0.2820281982421875
0.38446044921875,0.21368408203125
0.400604248046875,0.1812744140625
0.4124603271484375,0.1976318359375
0.44000244140625,0.28155517578125
0.510772705078125,0.371185302734375
0.5450592041015625,0.38140869140625
0.5357666015625,0.3270263671875
0.4876861572265625,0.2657623291015625
0.4599151611328125,0.311492919921875
0.48773193359375,0.4132080078125
0.461578369140625,0.5230560302734375
0.43536376953125,0.5227508544921875
0.362884521484375,0.49713134765625
0.2711639404296875,0.5022735595703125
0.2337493896484375,0.5228424072265625
0.2636260986328125,0.5511627197265625
0.2707672119140625,0.582122802734375
0.2465972900390625,0.5077362060546875
0.224517822265625,0.4369354248046875
0.21832275390625,0.4331207275390625
0.254974365234375,0.4134063720703125
0.2852935791015625,0.4047088623046875
0.2708740234375,0.3910369873046875
0.229736328125,0.4673614501953125
0.233062744140625,0.655364990234375
0.2956390380859375,0.6041259765625
0.306671142578125,0.5714874267578125
0.2984771728515625,0.6761322021484375
0.32379150390625,0.670806884765625
0.4356689453125,0.5877532958984375
0.3985443115234375,0.4878387451171875
0.35736083984375,0.4569244384765625
0.2667694091796875,0.3835601806640625
0.23919677734375,0.41998291015625
0.2220458984375,0.4298858642578125
0.2617034912109375,0.5753326416015625
0.3851776123046875,0.5230560302734375
0.3995513916015625,0.4616851806640625
0.3458709716796875,0.3147125244140625
0.11175537109375,0.1782684326171875
0.081329345703125,0.1410064697265625
0.14990234375,-0.0523223876953125
-0.110382080078125,-0.1372528076171875
0.0265350341796875,0.1880340576171875
0.33892822265625,0.0257720947265625
0.4369354248046875,0.0634002685546875
0.670562744140625,0.803466796875
1.3233642578125,0.4015960693359375
1.0113372802734375,1.0353851318359375
1.6284332275390625,1.8484344482421875
0.43377685546875,1.5799560546875
2.384552001953125,-5.68682861328125
-1.8414459228515625,0.6853179931640625
-2.4745635986328125,0.8927001953125
-1.4683990478515625,-0.733642578125
-1.2930450439453125,-1.4894256591796875
-0.8483428955078125,-1.10552978515625
-0.9028167724609375,-0.388916015625
-0.76806640625,0.016326904296875
-0.423919677734375,0.196990966796875
-0.2436370849609375,0.4608612060546875
-0.1911163330078125,0.788055419921875
0.123626708984375,0.8844757080078125
0.5333251953125,1.4473419189453125
0.4800567626953125,1.0481109619140625
0.4170379638671875,0.469757080078125
0.3053741455078125,0.828277587890625
0.1298980712890625,0.5327911376953125
0.0396728515625,0.1003875732421875
0.1358184814453125,-0.1787567138671875
0.3425750732421875,0.1121673583984375
0.04534912109375,0.8410491943359375
-0.149139404296875,0.6323699951171875
0.0361328125,0.249298095703125
0.0163726806640625,0.592437744140625
0.26483154296875,0.7118377685546875
0.4552001953125,0.4084320068359375
0.4242095947265625,0.4857330322265625
0.539520263671875,0.7417144775390625
0.5568084716796875,0.6300506591796875
0.5201568603515625,0.644683837890625
0.4337921142578125,0.699798583984375
0.2738494873046875,0.7002716064453125
0.1898345947265625,0.8556976318359375
-0.03277587890625,0.4968109130859375
0.52093505859375,-1.3525848388671875
0.6978912353515625,-0.399169921875
0.039398193359375,0.2625274658203125
0.484100341796875,-0.3632659912109375
0.4571685791015625,-0.17144775390625
0.4523162841796875,-0.2858428955078125
0.412994384765625,-0.166534423828125
0.2639312744140625,0.154144287109375
0.5023345947265625,-0.0819091796875
0.6133880615234375,-0.375946044921875
0.4288787841796875,-0.52520751953125
0.2975616455078125,-0.3163909912109375
0.0084991455078125,-0.309112548828125
0.01531982421875,-0.2569427490234375
0.25677490234375,0.11834716796875
-0.4572296142578125,0.7979278564453125
0.4030303955078125,-0.0135955810546875
0.16998291015625,-0.1926727294921875
0.14703369140625,-0.258209228515625
0.3227691650390625,0.083160400390625
0.1637725830078125,0.234039306640625
0.34381103515625,0.26898193359375
-0.000701904296875,0.55047607421875
0.2873687744140625,0.11968994140625
0.3856353759765625,-0.689056396484375
0.385345458984375,-0.7269287109375
-0.0459442138671875,-0.1922760009765625
-0.1085662841796875,-0.123321533203125
0.0798492431640625,-0.332122802734375
0.1157379150390625,-0.320465087890625
0.0949554443359375,-0.5575103759765625
-0.0117645263671875,-0.6200103759765625
0.06591796875,-0.6414337158203125
-0.0407257080078125,-0.5855712890625
-0.154541015625,-0.801605224609375
-0.116943359375,-0.8994903564453125
-0.0638275146484375,-0.9219818115234375
0.085968017578125,-1.041107177734375
0.0663909912109375,-1.1840362548828125
0.0356903076171875,-1.229644775390625
0.049835205078125,-1.3034820556640625
0.1131591796875,-1.2475738525390625
0.131378173828125,-1.0783233642578125
0.1551971435546875,-1.0231170654296875
0.17138671875,-0.967193603515625
0.0201416015625,-0.9018707275390625
0.04522705078125,-0.8404998779296875
-0.0863800048828125,-0.6695556640625
-0.0944061279296875,-0.62139892578125
-0.148529052734375,-0.4608917236328125
-0.1332244873046875,-0.4749908447265625
-0.1842803955078125,-0.396575927734375
-0.2399444580078125,-0.102386474609375
-0.3342437744140625,0.09814453125
-0.324127197265625,0.358917236328125
-0.251800537109375,0.620208740234375
-0.248870849609375,0.8636016845703125
-0.1418609619140625,0.7877044677734375
-0.087158203125,0.8876953125
0.0308380126953125,1.0549774169921875
0.1829986572265625,1.502044677734375
0.3122406005859375,2.0954437255859375
0.4263153076171875,2.291473388671875
0.4099578857421875,2.7731475830078125
0.23736572265625,3.0499114990234375
0.140533447265625,2.6429595947265625
0.279632568359375,3.30718994140625
0.756011962890625,3.974945068359375
2.758026123046875,2.9156036376953125
3.8617095947265625,2.337066650390625
5.0137481689453125,4.8315277099609375
14.110107421875,7.007537841796875
12.93890380859375,-0.7649688720703125
2.218017578125,-1.96258544921875
4.483978271484375,-2.0127105712890625
2.81640625,-2.1048126220703125
3.3273773193359375,-3.4111175537109375
2.1806640625,-2.5334930419921875
2.5624847412109375,-2.6385955810546875
2.423797607421875,-2.04705810546875
1.57269287109375,-1.333404541015625
1.28546142578125,-1.159942626953125
1.228302001953125,-1.0623779296875
1.270843505859375,-0.9369659423828125
1.1960906982421875,-0.66876220703125
0.9276885986328125,-0.450531005859375
0.8429412841796875,-0.393524169921875
0.812744140625,-0.3362274169921875
0.8883056640625,-0.3341064453125
0.96331787109375,-0.3048553466796875
0.978240966796875,-0.292144775390625
0.935760498046875,-0.257781982421875
0.975250244140625,-0.265533447265625
1.0221405029296875,-0.3044281005859375
1.0032806396484375,-0.30145263671875
0.96197509765625,-0.306396484375
0.950225830078125,-0.2998046875
0.9303741455078125,-0.296844482421875
0.9269866943359375,-0.3223419189453125
0.9268798828125,-0.278717041015625
0.9262237548828125,-0.258056640625
0.9288787841796875,-0.2678070068359375
0.9204254150390625,-0.2727203369140625
0.902191162109375,-0.2635040283203125
0.8992462158203125,-0.231109619140625
0.9234161376953125,-0.2012786865234375
0.97967529296875,-0.183624267578125
0.9943389892578125,-0.1637725830078125
1.002197265625,-0.161712646484375
1.014556884765625,-0.16302490234375
0.99456787109375,-0.170654296875
0.9553070068359375,-0.165924072265625
0.9152069091796875,-0.1641693115234375
0.9001312255859375,-0.1971588134765625
0.95599365234375,-0.205963134765625
0.9827423095703125,-0.1833953857421875
0.9755706787109375,-0.1702880859375
0.9482574462890625,-0.1736907958984375
0.9342498779296875,-0.17254638671875
0.93377685546875,-0.1619110107421875
0.95733642578125,-0.188446044921875
1.0178985595703125,-0.2040863037109375
1.0016937255859375,-0.1905364990234375
0.957275390625,-0.176544189453125
0.9564971923828125,-0.18682861328125
0.9342193603515625,-0.197967529296875
0.9078216552734375,-0.19696044921875
0.9239501953125,-0.195709228515625
0.9449462890625,-0.195343017578125
0.9376220703125,-0.195953369140625
0.9480133056640625,-0.1997222900390625
0.974517822265625,-0.2027130126953125
0.9730224609375,-0.201751708984375
0.963043212890625,-0.21368408203125
0.968475341796875,-0.23614501953125
0.9918212890625,-0.2552947998046875
1.0030059814453125,-0.2589569091796875
0.9881744384765625,-0.2351531982421875
0.9943695068359375,-0.230621337890625
0.9925537109375,-0.2355499267578125
0.9700775146484375,-0.2281951904296875
0.9642181396484375,-0.22442626953125
0.9652862548828125,-0.2278289794921875
0.968231201171875,-0.229248046875
0.9625244140625,-0.2190093994140625
0.9555206298828125,-0.2161407470703125
0.9480133056640625,-0.2108612060546875
0.9569244384765625,-0.2126922607421875
0.977081298828125,-0.2003173828125
0.94775390625,-0.190887451171875
0.9468841552734375,-0.1887664794921875
0.9523162841796875,-0.197418212890625
0.9684600830078125,-0.1976470947265625
0.975921630859375,-0.19757080078125
0.985076904296875,-0.203887939453125
0.98736572265625,-0.212249755859375
0.9807891845703125,-0.2202301025390625
0.969512939453125,-0.218475341796875
0.9492950439453125,-0.2153472900390625
0.929107666015625,-0.21417236328125
0.92266845703125,-0.2127838134765625
0.9264678955078125,-0.20635986328125
0.9328460693359375,-0.206756591796875
0.9269561767578125,-0.202972412109375
0.9440460205078125,-0.19927978515625
0.957855224609375,-0.2020111083984375
0.955322265625,-0.196197509765625
0.966522216796875,-0.1930694580078125
0.972412109375,-0.1944427490234375
0.9735107421875,-0.1998138427734375
0.960296630859375,-0.199066162109375
0.95892333984375,-0.2054290771484375
0.952056884765625,-0.205047607421875
0.949005126953125,-0.203582763671875
0.95196533203125,-0.207916259765625
0.96038818359375,-0.2155609130859375
0.9537506103515625,-0.20440673828125
0.9452667236328125,-0.19622802734375
0.9447784423828125,-0.1918792724609375
0.9506683349609375,-0.1922760009765625
0.9565582275390625,-0.18975830078125
0.960052490234375,-0.192169189453125
0.9669647216796875,-0.194976806640625
0.96209716796875,-0.196533203125
0.96453857421875,-0.1930999755859375
0.9878387451171875,-0.1863250732421875
0.9678955078125,-0.1896209716796875
0.9498443603515625,-0.179290771484375
0.952362060546875,-0.170074462890625
0.963226318359375,-0.199249267578125
0.972137451171875,-0.18389892578125
0.929351806640625,-0.1627044677734375
0.9056549072265625,-0.1375579833984375
0.9164886474609375,-0.1272430419921875
0.90081787109375,-0.1216888427734375
0.91131591796875,-0.20684814453125
1.0102996826171875,-0.168487548828125
0.9598236083984375,-0.0482177734375
0.8508148193359375,-0.0081787109375
0.897613525390625,-0.1707611083984375
1.0151519775390625,0.026031494140625
0.928619384765625,0.156768798828125
0.8243255615234375,0.2233734130859375
0.8245849609375,0.2029266357421875
0.862335205078125,0.1766204833984375
0.76483154296875,0.329559326171875
0.7057037353515625,0.4517974853515625
0.7548980712890625,0.38104248046875
0.635650634765625,0.2717437744140625
0.6423797607421875,0.562957763671875
0.685699462890625,0.382171630859375
0.41021728515625,0.2476043701171875
0.3373870849609375,0.9296722412109375
0.695709228515625,0.9795684814453125
0.5083770751953125,1.0517425537109375
0.5748443603515625,1.76983642578125
0.9810638427734375,1.8062744140625
0.24951171875,1.368072509765625
5.438262939453125,-9.437973022460938
-2.7767181396484375,1.6404266357421875
-2.3967437744140625,1.469970703125
-1.5033416748046875,-0.0503082275390625
-0.152313232421875,-1.0561676025390625
0.098480224609375,-0.4473876953125
-0.06195068359375,-0.146148681640625
-0.4396209716796875,0.9028167724609375
-1.0654754638671875,0.88067626953125
-0.6522674560546875,0.7183380126953125
-0.716644287109375,0.5004425048828125
-0.629608154296875,0.35784912109375
-0.865997314453125,0.17431640625
-0.909881591796875,0.2120208740234375
-0.299530029296875,0.557342529296875
-0.2274017333984375,0.859893798828125
0.13360595703125,0.7220611572265625
0.230316162109375,0.7092132568359375
0.036956787109375,0.217437744140625
-0.499755859375,-0.063323974609375
-0.700958251953125,0.0312042236328125
-0.39654541015625,-0.336181640625
-0.781097412109375,-0.2878265380859375
-0.428009033203125,0.2304229736328125
0.05072021484375,0.6895599365234375
0.2684478759765625,1.136016845703125
0.6739654541015625,0.5575103759765625
0.394744873046875,0.2654266357421875
0.163482666015625,0.6070556640625
-0.230133056640625,0.73504638671875
-0.325164794921875,0.5637969970703125
-0.2169189453125,0.4756927490234375
-0.049652099609375,0.3823699951171875
0.05804443359375,0.286773681640625
-0.1397857666015625,0.681671142578125
-0.160186767578125,0.6555938720703125
-0.05047607421875,0.6408843994140625
-0.13409423828125,0.59808349609375
-0.0637664794921875,0.4382781982421875
-0.08740234375,0.3239288330078125
0.0254364013671875,0.350311279296875
-0.0471343994140625,0.419189453125
-0.0341339111328125,0.484405517578125
-0.1274566650390625,0.3370208740234375
0.05987548828125,0.093414306640625
-0.012603759765625,0.09466552734375
0.063934326171875,0.0839691162109375
0.013427734375,0.1318511962890625
-0.08050537109375,-0.0445098876953125
-0.043365478515625,-0.12933349609375
-0.0522308349609375,0.1942596435546875
0.1096954345703125,-0.087799072265625
0.043914794921875,-0.213226318359375
-0.01129150390625,-0.043243408203125
0.0147247314453125,-0.2498779296875
-0.0665740966796875,-0.30950927734375
-0.2284698486328125,-0.0591888427734375
-0.05950927734375,-0.2635040283203125
-0.0761260986328125,-0.4122161865234375
-0.035125732421875,-0.3410186767578125
-0.15301513671875,-0.232330322265625
-0.1287994384765625,-0.517059326171875
0.0500030517578125,-0.833343505859375
-0.0602264404296875,-0.65081787109375
-0.052276611328125,-0.7863311767578125
-0.103668212890625,-0.8716888427734375
-0.20068359375,-0.867889404296875
-0.2599334716796875,-0.6874847412109375
-0.2549896240234375,-0.6661376953125
-0.279876708984375,-0.7394561767578125
-0.3238525390625,-0.8101959228515625
-0.3794097900390625,-0.622589111328125
-0.4595947265625,-0.6663360595703125
-0.488006591796875,-0.719085693359375
-0.5886077880859375,-0.668548583984375
-0.5324249267578125,-0.541900634765625
-0.502197265625,-0.358306884765625
-0.4463043212890625,-0.27947998046875
-0.5235748291015625,-0.1115264892578125
-0.5688018798828125,-0.1126556396484375
-0.577911376953125,0.0553741455078125
-0.5131378173828125,0.35174560546875
-0.4511566162109375,0.58892822265625
-0.3303375244140625,0.5667266845703125
-0.2641143798828125,0.8478851318359375
-0.2223358154296875,1.3545379638671875
-0.174224853515625,1.3760833740234375
-0.1116790771484375,1.5572967529296875
0.0145263671875,1.850677490234375
0.171783447265625,1.9352569580078125
0.193359375,2.720367431640625
0.0753173828125,3.504913330078125
0.3659515380859375,4.1932525634765625
1.07098388671875,4.439544677734375
2.8536529541015625,3.3401031494140625
5.0108642578125,4.62451171875
5.8200836181640625,12.38104248046875
16.036163330078125,-1.271148681640625
5.021820068359375,-0.7467193603515625
4.5272216796875,-1.9978485107421875
4.23492431640625,-2.485809326171875
3.5921173095703125,-2.3856964111328125
2.2342071533203125,-2.48333740234375
2.3717803955078125,-2.551544189453125
1.9957275390625,-1.897308349609375
1.655517578125,-1.6527252197265625
1.6673736572265625,-1.4918060302734375
1.4104156494140625,-1.459442138671875
1.431121826171875,-0.9962158203125
1.3015289306640625,-0.585296630859375
1.1608123779296875,-0.5419464111328125
1.0391082763671875,-0.72271728515625
1.0512847900390625,-0.5779571533203125
0.942047119140625,-0.4138336181640625
0.955322265625,-0.3494720458984375
0.953460693359375,-0.34228515625
0.9027557373046875,-0.391387939453125
0.8864593505859375,-0.35382080078125
0.9534759521484375,-0.3028106689453125
1.030487060546875,-0.34619140625
1.04925537109375,-0.3721160888671875
0.99932861328125,-0.3659210205078125
0.94366455078125,-0.3468017578125
0.96124267578125,-0.3477020263671875
0.963897705078125,-0.3453369140625
0.961395263671875,-0.331787109375
0.9674224853515625,-0.332489013671875
0.9951324462890625,-0.31427001953125
0.9449920654296875,-0.2847137451171875
0.902130126953125,-0.296173095703125
0.9111480712890625,-0.306793212890625
0.9298248291015625,-0.31451416015625
0.9717254638671875,-0.28564453125
0.9859771728515625,-0.263885498046875
0.978973388671875,-0.261016845703125
0.992950439453125,-0.2597198486328125
0.982421875,-0.248626708984375
0.9633331298828125,-0.2307891845703125
0.94866943359375,-0.2315216064453125
0.9473724365234375,-0.2364654541015625
0.95751953125,-0.23138427734375
0.9524688720703125,-0.2270355224609375
0.96771240234375,-0.2234344482421875
0.9809722900390625,-0.2222747802734375
0.9785614013671875,-0.21844482421875
0.980438232421875,-0.21112060546875
0.995330810546875,-0.2167816162109375
1.01318359375,-0.227752685546875
1.0205841064453125,-0.217254638671875
0.9993896484375,-0.2112274169921875
0.9970703125,-0.2161712646484375
0.9906158447265625,-0.211395263671875
0.9670562744140625,-0.208831787109375
0.9510498046875,-0.212554931640625
0.955230712890625,-0.2218170166015625
0.972503662109375,-0.2259674072265625
0.9724273681640625,-0.2225341796875
0.9641571044921875,-0.2256011962890625
0.979888916015625,-0.230224609375
0.980072021484375,-0.2385406494140625
0.97479248046875,-0.2444915771484375
0.95867919921875,-0.2476806640625
0.946929931640625,-0.24884033203125
0.946868896484375,-0.2478485107421875
0.9494476318359375,-0.252227783203125
0.956878662109375,-0.2550506591796875
0.9800567626953125,-0.258636474609375
0.97955322265625,-0.2591094970703125
0.980010986328125,-0.256195068359375
0.9796142578125,-0.2596282958984375
0.97930908203125,-0.2679595947265625
0.9699859619140625,-0.2661590576171875
0.95074462890625,-0.261077880859375
0.9375762939453125,-0.2632598876953125
0.9340972900390625,-0.2623138427734375
0.9345245361328125,-0.2608184814453125
0.930938720703125,-0.2540283203125
0.9283905029296875,-0.248199462890625
0.9350128173828125,-0.2353973388671875
0.9560394287109375,-0.2326202392578125
0.976654052734375,-0.2327880859375
0.9736175537109375,-0.2279510498046875
0.9813690185546875,-0.223907470703125
0.9823455810546875,-0.226318359375
0.977569580078125,-0.231292724609375
0.97418212890625,-0.2347564697265625
0.9638214111328125,-0.233428955078125
0.9476470947265625,-0.235137939453125
0.9398956298828125,-0.241119384765625
0.938507080078125,-0.24505615234375
0.9317169189453125,-0.2490692138671875
0.9340972900390625,-0.2470550537109375
0.9517059326171875,-0.24676513671875
0.955718994140625,-0.2525634765625
0.962493896484375,-0.2470855712890625
0.9718170166015625,-0.2469482421875
0.9542388916015625,-0.2462921142578125
0.957611083984375,-0.240386962890625
0.9679412841796875,-0.2431488037109375
0.96148681640625,-0.2393341064453125
0.9608612060546875,-0.231048583984375
0.9640350341796875,-0.2417755126953125
0.973052978515625,-0.2499542236328125
0.96710205078125,-0.247100830078125
0.9652557373046875,-0.2539825439453125
0.9634857177734375,-0.2623291015625
0.981231689453125,-0.2664642333984375
0.9786376953125,-0.2606201171875
0.9669647216796875,-0.2642364501953125
0.9698638916015625,-0.261260986328125
0.9823760986328125,-0.2742767333984375
0.9889373779296875,-0.280548095703125
0.9697113037109375,-0.2720794677734375
0.947357177734375,-0.2715606689453125
0.9511566162109375,-0.2583770751953125
0.9500579833984375,-0.2779388427734375
0.9442596435546875,-0.3044586181640625
0.959075927734375,-0.3134918212890625
0.9498443603515625,-0.267669677734375
0.911224365234375,-0.258148193359375
0.93585205078125,-0.3299713134765625
1.019287109375,-0.434295654296875
0.970703125,-0.294342041015625
0.8935089111328125,-0.3516082763671875
0.9882659912109375,-0.47344970703125
0.964935302734375,-0.3896484375
0.82806396484375,-0.28204345703125
0.717529296875,-0.2543487548828125
0.73577880859375,-0.2976837158203125
0.778656005859375,-0.14483642578125
0.6826324462890625,0.0238494873046875
0.577423095703125,0.013397216796875
0.725189208984375,-0.002532958984375
0.5599822998046875,0.1701812744140625
0.644378662109375,-0.1534423828125
0.7161712646484375,-0.55438232421875
0.19781494140625,-0.4192657470703125
0.0431671142578125,-0.6273956298828125
-0.27056884765625,-0.264984130859375
-0.5131072998046875,-0.156005859375
-0.5875396728515625,-0.2099761962890625
-0.352203369140625,-0.1167449951171875
-0.404632568359375,-0.0369415283203125
0.010406494140625,-0.0279541015625
0.3595123291015625,-0.006072998046875
0.3106231689453125,0.263031005859375
0.7909393310546875,0.051422119140625
1.577728271484375,0.2833251953125
0.716949462890625,0.529693603515625
0.9405670166015625,0.618865966796875
1.1204986572265625,-2.1681365966796875
-2.3019561767578125,6.2941741943359375
-1.21978759765625,1.8207855224609375
-0.96405029296875,0.8846282958984375
-2.378387451171875,0.65631103515625
-1.5150909423828125,-1.0122833251953125
-1.2133026123046875,-1.7832794189453125
-1.1361541748046875,-1.2826690673828125
-0.884521484375,-0.4821929931640625
-0.7702789306640625,-0.1380462646484375
-0.6212005615234375,0.1642303466796875
-0.436187744140625,0.4888153076171875
-0.30072021484375,0.1724395751953125
-0.08929443359375,-0.06500244140625
-0.2487335205078125,0.3814849853515625
-0.3031158447265625,0.80120849609375
0.036895751953125,1.1157989501953125
0.191925048828125,0.7411651611328125
0.2476654052734375,0.5878448486328125
0.4272613525390625,0.740447998046875
0.2991943359375,0.5615081787109375
0.2047576904296875,0.173980712890625
0.09765625,0.20367431640625
0.2890167236328125,0.071929931640625
0.5198974609375,-0.4413909912109375
0.0595703125,-0.2197418212890625
0.03924560546875,-0.0642547607421875
0.210418701171875,-0.286102294921875
0.3309173583984375,-0.3432464599609375
0.187042236328125,-0.3405303955078125
0.3830413818359375,-0.640106201171875
0.2238616943359375,-0.4598388671875
-0.125885009765625,0.1503143310546875
0.3071441650390625,-0.3902435302734375
0.14117431640625,-0.1537017822265625
0.055633544921875,-0.1653289794921875
0.1114654541015625,-0.20947265625
0.0341339111328125,-0.4315643310546875
-0.0211029052734375,-0.471466064453125
-0.0559844970703125,-0.402984619140625
0.0515899658203125,-0.5989990234375
0.0941314697265625,-0.8672943115234375
0.1398773193359375,-0.827423095703125
0.24713134765625,-0.82666015625
0.2717742919921875,-1.055145263671875
0.1959686279296875,-1.2305145263671875
0.2202911376953125,-1.1823272705078125
0.1999664306640625,-0.9854583740234375
0.2953033447265625,-1.1049041748046875
0.319549560546875,-1.1496734619140625
0.2659912109375,-1.1138916015625
0.2453460693359375,-0.89990234375
0.150299072265625,-0.902862548828125
0.059234619140625,-0.8556671142578125
-0.0464019775390625,-0.6988372802734375
0.0329742431640625,-0.6719207763671875
-0.1170501708984375,-0.59942626953125
-0.121490478515625,-0.4680023193359375
-0.1906890869140625,-0.318450927734375
-0.1497650146484375,0.0684967041015625
-0.1616058349609375,0.2630157470703125
-0.141204833984375,0.50653076171875
-0.0900421142578125,0.8798675537109375
0.1287689208984375,0.9793243408203125
0.066192626953125,1.090118408203125
0.293548583984375,1.40655517578125
0.3751373291015625,1.3919830322265625
0.3761444091796875,1.8692169189453125
0.5072174072265625,2.1287994384765625
0.6983642578125,2.5536041259765625
0.9068756103515625,3.46380615234375
0.8676300048828125,3.9150238037109375
0.569244384765625,4.6216888427734375
0.8811798095703125,4.4024810791015625
3.41326904296875,3.99566650390625
5.9224090576171875,4.3732147216796875
9.322189331054688,10.539230346679688
15.018142700195312,-2.024505615234375
4.6184234619140625,-3.146881103515625
4.1032562255859375,-2.0804901123046875
5.510589599609375,-3.438995361328125
2.6014404296875,-2.8808135986328125
2.3063201904296875,-2.180084228515625
1.9190826416015625,-1.9015960693359375
1.8581085205078125,-1.3697357177734375
2.0525360107421875,-1.4925384521484375
1.4781951904296875,-1.2245635986328125
1.1923065185546875,-1.489501953125
1.159942626953125,-0.8752288818359375
1.177032470703125,-0.38458251953125
1.1074676513671875,-0.5270843505859375
0.9347381591796875,-0.68927001953125
1.10345458984375,-0.6481781005859375
1.0975799560546875,-0.4584503173828125
0.985198974609375,-0.3136444091796875
0.87310791015625,-0.2229766845703125
0.896148681640625,-0.1858062744140625
1.0478515625,-0.2346343994140625
1.1211700439453125,-0.29803466796875
0.993011474609375,-0.3316497802734375
0.882080078125,-0.37615966796875
0.8578033447265625,-0.3701171875
0.8802947998046875,-0.3670806884765625
0.878021240234375,-0.3829498291015625
0.87994384765625,-0.3763580322265625
0.8918914794921875,-0.363189697265625
0.8934478759765625,-0.342864990234375
0.925384521484375,-0.2896270751953125
0.93634033203125,-0.269927978515625
0.915679931640625,-0.253021240234375
0.8927154541015625,-0.3217010498046875
0.8787689208984375,-0.3716888427734375
0.844085693359375,-0.3529205322265625
0.847930908203125,-0.331268310546875
0.8562774658203125,-0.3253326416015625
0.88470458984375,-0.3483734130859375
0.88958740234375,-0.3117218017578125
0.9586944580078125,-0.2832794189453125
1.089752197265625,-0.293426513671875
1.207550048828125,-0.2914276123046875
1.2894134521484375,-0.25140380859375
1.3634796142578125,-0.1953125
1.408050537109375,-0.17547607421875
1.470794677734375,-0.1970062255859375
1.4553070068359375,-0.2314910888671875
1.3092803955078125,-0.321685791015625
1.166107177734375,-0.4454345703125
0.9928131103515625,-0.5075836181640625
1.119964599609375,-0.62701416015625
1.1453094482421875,-0.5449371337890625
1.1053466796875,-0.55584716796875
1.3543548583984375,-0.719268798828125
1.329681396484375,-0.63604736328125
1.21435546875,-0.470703125
1.17620849609375,-0.405242919921875
1.1754913330078125,-0.2995758056640625
1.1580810546875,-0.3321685791015625
1.09698486328125,-0.36492919921875
0.9587249755859375,-0.3864593505859375
0.82330322265625,-0.3584747314453125
0.71148681640625,-0.3616485595703125
0.634979248046875,-0.44757080078125
0.6555023193359375,-0.5351104736328125
0.719970703125,-0.544158935546875
0.668731689453125,-0.533203125
0.630706787109375,-0.623504638671875
0.6417083740234375,-0.75128173828125
0.6839599609375,-0.864471435546875
0.639892578125,-0.855255126953125
0.562774658203125,-0.7893218994140625
0.5562591552734375,-0.7634429931640625
0.514892578125,-0.7673797607421875
0.4692840576171875,-0.729827880859375
0.43505859375,-0.725555419921875
0.41729736328125,-0.720947265625
0.424346923828125,-0.736419677734375
0.413238525390625,-0.7805023193359375
0.4450531005859375,-0.8020172119140625
0.4659881591796875,-0.7728118896484375
0.4510955810546875,-0.7114410400390625
0.442138671875,-0.6626129150390625
0.4473876953125,-0.640899658203125
0.4182281494140625,-0.60443115234375
0.407501220703125,-0.592529296875
0.4176483154296875,-0.581634521484375
0.4517974853515625,-0.5868377685546875
0.48480224609375,-0.584228515625
0.5001983642578125,-0.5693206787109375
0.512359619140625,-0.5765838623046875
0.5326080322265625,-0.6388092041015625
0.5655059814453125,-0.6719818115234375
0.621734619140625,-0.7027435302734375
0.6594085693359375,-0.688323974609375
0.6497039794921875,-0.618072509765625
0.63775634765625,-0.5733642578125
0.60784912109375,-0.59295654296875
0.5673828125,-0.5791778564453125
0.544403076171875,-0.5611572265625
0.5475616455078125,-0.5401458740234375
0.5096435546875,-0.5319366455078125
0.4845428466796875,-0.5630340576171875
0.5063629150390625,-0.605194091796875
0.499664306640625,-0.6286163330078125
0.4882049560546875,-0.6287078857421875
0.458587646484375,-0.64190673828125
0.4578094482421875,-0.6422576904296875
0.4183502197265625,-0.62628173828125
0.3827667236328125,-0.6274261474609375
0.365509033203125,-0.6472625732421875
0.35516357421875,-0.6665191650390625
0.3494873046875,-0.6749420166015625
0.380645751953125,-0.70074462890625
0.4143524169921875,-0.728973388671875
0.427154541015625,-0.737518310546875
0.4200286865234375,-0.7297515869140625
0.4266204833984375,-0.73944091796875
0.4317626953125,-0.7506256103515625
0.438568115234375,-0.7524261474609375
0.4428863525390625,-0.75860595703125
0.4668426513671875,-0.7816925048828125
0.497161865234375,-0.7961883544921875
0.4742431640625,-0.77215576171875
0.457305908203125,-0.7754364013671875
0.4523468017578125,-0.7917022705078125
0.43011474609375,-0.7897796630859375
