loggingTime(txt),loggingSample(N),locationTimestamp_since1970(s),locationLatitude(WGS84),locationLongitude(WGS84),locationAltitude(m),locationSpeed(m/s),locationCourse(Â°),locationVerticalAccuracy(m),locationHorizontalAccuracy(m),locationFloor(Z),accelerometerTimestamp_sinceReboot(s),accelerometerAccelerationX(G),accelerometerAccelerationY(G),accelerometerAccelerationZ(G),motionTimestamp_sinceReboot(s),motionYaw(rad),motionRoll(rad),motionPitch(rad),motionRotationRateX(rad/s),motionRotationRateY(rad/s),motionRotationRateZ(rad/s),motionUserAccelerationX(G),motionUserAccelerationY(G),motionUserAccelerationZ(G),motionAttitudeReferenceFrame(txt),motionQuaternionX(R),motionQuaternionY(R),motionQuaternionZ(R),motionQuaternionW(R),motionGravityX(G),motionGravityY(G),motionGravityZ(G)
2018-10-13 01:19:32.606 -0400,1,1539407972.00017,42.39114068452491,-72.52710275358756,58.17862,0,87.1875,4,5,-9999,890437.498055625,0.3266754150390625,0.0766143798828125,-0.9156036376953125,890437.4630826251,-0.268192482820183,0.3289064628320548,-0.1070554014713972,0.04532594233751297,0.03078829869627953,-0.05223292112350464,-0.008109688758850098,-0.01090376079082489,-0.01579403877258301,XArbitraryZVertical,-0.03045021742582321,0.1690676659345627,-0.1403826773166656,0.9750781655311584,0.3211590051651001,0.1068510264158249,-0.9409778118133545
2018-10-13 01:19:32.799 -0400,2,1539407972.00017,42.39114068452491,-72.52710275358756,58.17862,0,87.1875,4,5,-9999,890437.538125625,0.3144989013671875,0.07891845703125,-0.949005126953125,890437.5031526251,-0.2694919745589618,0.3300558474055335,-0.1072424169112848,-0.01146096363663673,0.003746193367987871,-0.009842589497566223,0.008408844470977783,-0.02845420688390732,0.02164381742477417,XArbitraryZVertical,-0.0303506962954998,0.1696592420339584,-0.1410481333732605,0.9748826026916504,0.3222338557243347,0.1070369705557823,-0.9405891299247742
2018-10-13 01:19:32.837 -0400,3,1539407972.00017,42.39114068452491,-72.52710275358756,58.17862,0,87.1875,4,5,-9999,890437.5781946251,0.31719970703125,0.0911407470703125,-0.93963623046875,890437.543221625,-0.2691814911192328,0.3298565267757133,-0.107605728178267,-0.01603981107473373,0.001770145259797573,0.01158799976110458,-0.0002564191818237305,-0.03086009621620178,-0.003383755683898926,XArbitraryZVertical,-0.03056860528886318,0.1695797890424728,-0.1409219801425934,0.9749078750610352,0.3220337629318237,0.1073981896042824,-0.9406164884567261
2018-10-13 01:19:32.843 -0400,4,1539407972.00017,42.39114068452491,-72.52710275358756,58.17862,0,87.1875,4,5,-9999,890437.6182646251,0.31878662109375,0.0848541259765625,-0.91522216796875,890437.583260625,-0.2689024738885862,0.3309421535838309,-0.106719777615194,0.01431161537766457,0.02503981441259384,0.01404103823006153,-0.007243871688842773,-0.01880979537963867,-0.004681885242462158,XArbitraryZVertical,-0.03008295223116875,0.1700500994920731,-0.1407334953546524,0.9748682379722595,0.3230855166912079,0.1065173223614693,-0.9403559565544128
2018-10-13 01:19:32.851 -0400,5,1539407972.00017,42.39114068452491,-72.52710275358756,58.17862,0,87.1875,4,5,-9999,890437.6583346251,0.317047119140625,0.0837860107421875,-0.956756591796875,890437.623330625,-0.2683649298064412,0.3320552339274416,-0.1051442835232427,0.01197001524269581,0.01763596013188362,0.02476292476058006,-0.005399703979492188,-0.02009652554988861,0.02493107318878174,XArbitraryZVertical,-0.02928069978952408,0.1704875826835632,-0.140364870429039,0.9748694896697998,0.3241863250732422,0.1049506589770317,-0.9401532411575317
2018-10-13 01:19:32.863 -0400,6,1539407972.00017,42.39114068452491,-72.52710275358756,58.17862,0,87.1875,4,5,-9999,890437.6984036251,0.32220458984375,0.09844970703125,-0.9497833251953125,890437.6633996251,-0.2679591138418997,0.3327024121245669,-0.1034539328997384,0.01319705229252577,0.02506508119404316,0.01724588498473167,-0.007805079221725464,-0.01948347687721252,-0.01664704084396362,XArbitraryZVertical,-0.02844404242932796,0.1706931442022324,-0.1400438398122787,0.9749044179916382,0.3248521685600281,0.1032694950699806,-0.9401095509529114
2018-10-13 01:19:32.871 -0400,7,1539407972.00017,42.39114068452491,-72.52710275358756,58.17862,0,87.1875,4,5,-9999,890437.738473625,0.33270263671875,0.1082763671875,-0.9388275146484375,890437.7034696251,-0.2672236410543646,0.333659719829466,-0.102844448550103,-0.001935753971338272,0.01877870596945286,0.01601696945726871,-0.003567963838577271,-0.004213541746139526,-0.00992584228515625,XArbitraryZVertical,-0.02814216166734695,0.1711119264364243,-0.1396509259939194,0.9748961329460144,0.3257725536823273,0.1026632487773895,-0.9398574829101562
2018-10-13 01:19:32.883 -0400,8,1539407972.00017,42.39114068452491,-72.52710275358756,58.17862,0,87.1875,4,5,-9999,890437.778542625,0.3196563720703125,0.09844970703125,-0.9439544677734375,890437.7435396251,-0.2667423699518152,0.3338766778126241,-0.1026306465889878,-0.00414163526147604,0.0005756178870797157,0.007431072182953358,0.006718993186950684,0.005825795233249664,0.0009799599647521973,XArbitraryZVertical,-0.02806374989449978,0.1711978167295456,-0.1394025236368179,0.9749188423156738,0.3259836435317993,0.1024505719542503,-0.9398074746131897
2018-10-13 01:19:32.914 -0400,9,1539407972.00017,42.39114068452491,-72.52710275358756,58.17862,0,87.1875,4,5,-9999,890437.818612625,0.32110595703125,0.0950469970703125,-0.9415130615234375,890437.7836086251,-0.266541940792774,0.3332359231561782,-0.102132802479037,0.003350043669342995,-0.009123216383159161,0.00538256810978055,-0.005741655826568604,-0.003505632281303406,-0.00389021635055542,XArbitraryZVertical,-0.02788227424025536,0.1708521693944931,-0.139256626367569,0.9750055074691772,0.3253980278968811,0.1019553318619728,-0.9400642514228821
2018-10-13 01:19:32.951 -0400,10,1539407972.00017,42.39114068452491,-72.52710275358756,58.17862,0,87.1875,4,5,-9999,890437.8586816251,0.3294525146484375,0.086334228515625,-0.939453125,890437.823678625,-0.2666161557444811,0.3329340026722639,-0.1020912213614674,0.006830395199358463,-0.0006917640566825867,-0.009635396301746368,-0.004009604454040527,-0.006866976618766785,-0.0013466477394104,XArbitraryZVertical,-0.02787664160132408,0.1707034856081009,-0.1392853409051895,0.9750275015830994,0.3251155614852905,0.1019139736890793,-0.9401664137840271
2018-10-13 01:19:32.955 -0400,11,1539407972.00017,42.39114068452491,-72.52710275358756,58.17862,0,87.1875,4,5,-9999,890437.8987516251,0.3566131591796875,0.0850372314453125,-0.925323486328125,890437.863747625,-0.2667585049072551,0.3330938468720858,-0.1020424411474857,0.004559251479804516,0.003680081106722355,0.00322341057471931,0.00418505072593689,-0.01553121209144592,0.0006660223007202148,XArbitraryZVertical,-0.02782951854169369,0.1707804054021835,-0.1393531262874603,0.9750056862831116,0.3252674639225006,0.1018654480576515,-0.9401191473007202
2018-10-13 01:19:32.960 -0400,12,1539407972.00017,42.39114068452491,-72.52710275358756,58.17862,0,87.1875,4,5,-9999,890437.9388216251,0.44830322265625,0.1673583984375,-0.9464111328125,890437.903817625,-0.2671340052937891,0.3320705684522464,-0.1014024412463581,0.06265527009963989,-0.04186391830444336,-0.01755896583199501,0.03228667378425598,-0.01619152724742889,0.01518946886062622,XArbitraryZVertical,-0.02755610086023808,0.1702474504709244,-0.1394717246294022,0.9750897288322449,0.3243264853954315,0.1012287512421608,-0.9405129551887512
2018-10-13 01:19:32.965 -0400,13,1539407972.00017,42.39114068452491,-72.52710275358756,58.17862,0,87.1875,4,5,-9999,890437.9788906251,0.5736083984375,0.269439697265625,-0.9102325439453125,890437.943887625,-0.2725519220457896,0.3283355290168449,-0.0968424513183832,0.2491821497678757,-0.1524979770183563,-0.186157301068306,0.1273463070392609,0.07066725194454193,-0.004266262054443359,XArbitraryZVertical,-0.02513189427554607,0.1682139784097672,-0.1417082846164703,0.9751855731010437,0.3209568858146667,0.09669114649295807,-0.9421448707580566
2018-10-13 01:19:32.975 -0400,14,1539407972.00017,42.39114068452491,-72.52710275358756,58.17862,0,87.1875,4,5,-9999,890438.018960625,0.6776275634765625,0.190948486328125,-0.9839630126953125,890437.9839566251,-0.2932378838929369,0.3148152659080919,-0.07998535205317123,0.9154655933380127,-0.4982092976570129,-0.5135269165039062,0.26495760679245,0.1895396113395691,0.03758084774017334,XArbitraryZVertical,-0.01618079096078873,0.1607217788696289,-0.150373250246048,0.9753410816192627,0.30865079164505,0.07990009337663651,-0.9478133916854858
2018-10-13 01:19:32.997 -0400,15,1539407972.00017,42.39114068452491,-72.52710275358756,58.17862,0,87.1875,4,5,-9999,890438.0590282917,0.5988311767578125,0.01165771484375,-1.018173217773438,890438.0240252917,-0.3428395150659596,0.2834009515741366,-0.03343738117420146,1.854081153869629,-0.9524173736572266,-1.061200976371765,0.398161381483078,0.1575173288583755,-0.02438986301422119,XArbitraryZVertical,0.00777963874861598,0.1419609040021896,-0.171174943447113,0.9749262928962708,0.2794661819934845,0.03343115001916885,-0.9595731496810913
2018-10-13 01:19:33.037 -0400,16,1539407972.00017,42.39114068452491,-72.52710275358756,58.17862,0,87.1875,4,5,-9999,890438.0990982917,0.4823455810546875,-0.2010498046875,-1.095138549804688,890438.0640942918,-0.4188421293005632,0.2331805886390039,0.05067370044191942,3.03059196472168,-1.50624692440033,-1.460052490234375,0.3680546283721924,0.06230973452329636,-0.04648590087890625,XArbitraryZVertical,0.04878834262490273,0.1085173934698105,-0.2035337537527084,0.9718092083930969,0.2307765483856201,-0.05065201595425606,-0.9716873168945312
2018-10-13 01:19:33.078 -0400,17,1539407972.00017,42.39114068452491,-72.52710275358756,58.17862,0,87.1875,4,5,-9999,890438.1391682917,0.342803955078125,-0.6422576904296875,-1.0947265625,890438.1041642918,-0.5083156273547672,0.1712827500804606,0.1668680929488826,3.419064044952393,-1.98006272315979,-1.633395791053772,0.3142666816711426,-0.03495503962039948,-0.1234586834907532,XArbitraryZVertical,0.1017965078353882,0.0616241991519928,-0.2427385151386261,0.9627633690834045,0.1680789142847061,-0.1660947650671005,-0.9716798663139343
2018-10-13 01:19:33.117 -0400,18,1539407972.00017,42.39114068452491,-72.52710275358756,58.17862,0,87.1875,4,5,-9999,890438.1792372917,0.14794921875,-0.705657958984375,-1.082626342773438,890438.1442332917,-0.5882002245389707,0.09728986234348401,0.2959866137286393,3.408761024475098,-2.513693571090698,-1.311470150947571,0.2498915195465088,-0.3505739867687225,-0.1427352428436279,XArbitraryZVertical,0.1548974364995956,0.003335899673402309,-0.2795092165470123,0.9475577473640442,0.09291243553161621,-0.291683703660965,-0.9519913196563721
2018-10-13 01:19:33.157 -0400,19,1539407972.00017,42.39114068452491,-72.52710275358756,58.17862,0,87.1875,4,5,-9999,890438.2193072917,0.0278472900390625,-0.8181915283203125,-0.9864349365234375,890438.1843032917,-0.6402311367855013,0.009080290599143653,0.4186172580852917,2.879088640213013,-2.746555805206299,-0.8087586760520935,0.1396531164646149,-0.2991604506969452,-0.1690125465393066,XArbitraryZVertical,0.1986239105463028,-0.06116891652345657,-0.306910365819931,0.928767204284668,0.008296106941998005,-0.4064975082874298,-0.9136137962341309
2018-10-13 01:19:33.334 -0400,20,1539407973.000171,42.39114068452491,-72.52710275358756,58.21658,0,87.1875,4,5,-9999,890438.2593762918,-0.0948944091796875,-0.8025970458984375,-0.8761444091796875,890438.2243732917,-0.6569437976000405,-0.09405172754837124,0.5150524098538316,2.063115835189819,-2.767767667770386,-0.2020589113235474,0.1095767170190811,-0.3256110846996307,-0.1200149059295654,XArbitraryZVertical,0.2261416614055634,-0.1250997334718704,-0.3229469954967499,0.9104454517364502,-0.08172942698001862,-0.4925804734230042,-0.8664200305938721
2018-10-13 01:19:33.364 -0400,21,1539407973.000171,42.39114068452491,-72.52710275358756,58.21658,0,87.1875,4,5,-9999,890438.2994462918,-0.2005615234375,-0.8087921142578125,-0.7534332275390625,890438.2644422917,-0.6420890233650348,-0.2110647330772109,0.5834117411655378,1.481871724128723,-2.663740158081055,0.2447649389505386,0.07995253801345825,-0.251722514629364,-0.06007802486419678,XArbitraryZVertical,0.2395391315221786,-0.1859780251979828,-0.329291969537735,0.8942012786865234,-0.1748469471931458,-0.5508745312690735,-0.8160663843154907
2018-10-13 01:19:33.380 -0400,22,1539407973.000171,42.39114068452491,-72.52710275358756,58.21658,0,87.1875,4,5,-9999,890438.3395152917,-0.220703125,-0.7559967041015625,-0.594879150390625,890438.3045122917,-0.6036809637570157,-0.3368722147182809,0.6190644768290793,0.7603371739387512,-2.517593383789062,0.7308322787284851,0.06863439083099365,-0.2285186052322388,0.01521128416061401,XArbitraryZVertical,0.2392586171627045,-0.2417293190956116,-0.3279009163379669,0.8813621401786804,-0.2691959142684937,-0.5802735090255737,-0.7686445116996765
2018-10-13 01:19:33.423 -0400,23,1539407973.000171,42.39114068452491,-72.52710275358756,58.21658,0,87.1875,4,5,-9999,890438.3795852917,-0.3619232177734375,-0.4464569091796875,-0.6225128173828125,890438.3445812918,-0.5559561908059117,-0.4604501613796532,0.6120945772204066,-0.1940579563379288,-2.305499792098999,1.167015552520752,0.1429741084575653,-0.1814137101173401,0.13832688331604,XArbitraryZVertical,0.2223716825246811,-0.2897374629974365,-0.320872038602829,0.8738651275634766,-0.3636772334575653,-0.5745829939842224,-0.7332060933113098
2018-10-13 01:19:33.434 -0400,24,1539407973.000171,42.39114068452491,-72.52710275358756,58.21658,0,87.1875,4,5,-9999,890438.4196552917,-0.2234039306640625,-0.551788330078125,-0.8178253173828125,890438.4146502917,-0.5484441822659042,-0.6133517332435496,0.5039766370050286,-2.008919715881348,-2.272516012191772,0.1890690326690674,0.4129189848899841,0.1992049217224121,-0.4398602247238159,XArbitraryZVertical,0.1496456563472748,-0.3458021879196167,-0.3224691450595856,0.8683529496192932,-0.5040444731712341,-0.4829115569591522,-0.7160540223121643
2018-10-13 01:19:33.445 -0400,25,1539407973.000171,42.39114068452491,-72.52710275358756,58.21658,0,87.1875,4,5,-9999,890438.4597242917,-0.335906982421875,-0.706298828125,-0.248016357421875,890438.4547192918,-0.6260481351332084,-0.6614169680012465,0.3995014250631244,-3.44881534576416,-1.653407454490662,0.01347658038139343,0.207560122013092,-0.2722500264644623,0.4235765933990479,XArbitraryZVertical,0.08054987341165543,-0.3605836033821106,-0.3467605710029602,0.8621163368225098,-0.565867006778717,-0.3889590799808502,-0.7269823551177979
2018-10-13 01:19:33.460 -0400,26,1539407973.000171,42.39114068452491,-72.52710275358756,58.21658,0,87.1875,4,5,-9999,890438.4997942917,-0.190673828125,-0.135498046875,-0.53057861328125,890438.4947892918,-0.7074918809979677,-0.6874890390734208,0.3075545878338125,-2.818362712860107,-1.267114996910095,-0.2402459681034088,0.4291766285896301,0.09430909156799316,0.24651038646698,XArbitraryZVertical,0.01991245523095131,-0.3623741865158081,-0.3707255125045776,0.8548962473869324,-0.6048205494880676,-0.3027288913726807,-0.7365769147872925
2018-10-13 01:19:33.490 -0400,27,1539407973.000171,42.39114068452491,-72.52710275358756,58.21658,0,87.1875,4,5,-9999,890438.5398632918,-0.2605743408203125,-0.213226318359375,-0.46807861328125,890438.5348582917,-0.7895297165468592,-0.7140514649092351,0.2395015071352775,-2.358793973922729,-1.161888241767883,-0.5544680953025818,0.4563668966293335,0.02545690536499023,0.2923402786254883,XArbitraryZVertical,-0.03012592345476151,-0.3633466958999634,-0.3962992429733276,0.8426239490509033,-0.6362070441246033,-0.2372183948755264,-0.7341431975364685
2018-10-13 01:19:33.660 -0400,28,1539407973.000171,42.39114068452491,-72.52710275358756,58.21658,0,87.1875,4,5,-9999,890438.5799332918,-0.1964263916015625,0.2961883544921875,-0.229766845703125,890438.5749282917,-0.8678096619847337,-0.7306893542823961,0.2060514538007803,-1.385695457458496,-0.742605984210968,-1.040845036506653,0.5096187591552734,0.357260674238205,0.4478020071983337,XArbitraryZVertical,-0.06225243583321571,-0.3628283441066742,-0.4239261150360107,0.8275044560432434,-0.6532649993896484,-0.2045964896678925,-0.7289604544639587
2018-10-13 01:19:33.678 -0400,29,1539407973.000171,42.39114068452491,-72.52710275358756,58.21658,0,87.1875,4,5,-9999,890438.6200032918,0.038970947265625,-0.193267822265625,-0.84527587890625,890438.6149982917,-0.9208753803820463,-0.7399681217991037,0.2341622743166656,0.33486607670784,-0.3248038589954376,-1.731802940368652,0.5996185541152954,0.2237426787614822,0.07671844959259033,XArbitraryZVertical,-0.0620068795979023,-0.3701182305812836,-0.449278324842453,0.8107486963272095,-0.6558624505996704,-0.2320282012224197,-0.7183352708816528
2018-10-13 01:19:33.696 -0400,30,1539407973.000171,42.39114068452491,-72.52710275358756,58.21658,0,87.1875,4,5,-9999,890438.6600722917,-0.25299072265625,-0.1318511962890625,-0.7547760009765625,890438.6550672917,-0.9709762761137578,-0.751516467661363,0.3226712645809706,1.114024639129639,-0.7524311542510986,-2.732406377792358,0.4322099089622498,0.1036153733730316,-0.05659639835357666,XArbitraryZVertical,-0.03686131536960602,-0.3900876045227051,-0.4805839955806732,0.7845436930656433,-0.6475114822387695,-0.3171010911464691,-0.6929458379745483
2018-10-13 01:19:33.704 -0400,31,1539407973.000171,42.39114068452491,-72.52710275358756,58.21658,0,87.1875,4,5,-9999,890438.7001422917,-0.03607177734375,-0.435516357421875,-0.4011383056640625,890438.6951372917,-1.051102801661666,-0.7476827463758683,0.4283323808346045,0.1334428638219833,-0.619443416595459,-3.430752277374268,0.5741878151893616,0.08716839551925659,0.09768623113632202,XArbitraryZVertical,-0.007876544259488583,-0.4079545140266418,-0.5235106945037842,0.7479604482650757,-0.6185145974159241,-0.4153544008731842,-0.667022168636322
2018-10-13 01:19:33.713 -0400,32,1539407973.000171,42.39114068452491,-72.52710275358756,58.21658,0,87.1875,4,5,-9999,890438.7402112917,-0.2471160888671875,-0.41412353515625,-0.864593505859375,890438.7352062918,-1.185120321138267,-0.7109223448439349,0.517869769238941,-0.4821552932262421,-0.6166569590568542,-3.897196769714355,0.3453354835510254,-0.1025953590869904,0.07775610685348511,XArbitraryZVertical,0.01123302895575762,-0.413127601146698,-0.5800387263298035,0.7019630074501038,-0.5669693946838379,-0.4950303435325623,-0.6583988070487976
2018-10-13 01:19:33.731 -0400,33,1539407973.000171,42.39114068452491,-72.52710275358756,58.21658,0,87.1875,4,5,-9999,890438.7802812917,-0.1956634521484375,-1.472946166992188,-0.5472869873046875,890438.7752762918,-1.365300670776068,-0.6271612989397197,0.578806580334551,-1.782672762870789,-0.01986857131123543,-3.835999965667725,0.3202546536922455,-0.7354149222373962,0.06327688694000244,XArbitraryZVertical,0.02412497438490391,-0.4006411135196686,-0.6434364318847656,0.6518373489379883,-0.491259902715683,-0.5470253229141235,-0.6778093576431274
2018-10-13 01:19:33.758 -0400,34,1539407973.000171,42.39114068452491,-72.52710275358756,58.21658,0,87.1875,4,5,-9999,890438.8203502917,-0.2464447021484375,-0.8166046142578125,-1.166839599609375,890438.8153462918,-1.556441257525945,-0.5157531023469881,0.5959772703611954,-1.711428284645081,0.3642989993095398,-3.481347560882568,0.1191167235374451,-0.2184826135635376,-0.1662226915359497,XArbitraryZVertical,0.03103283792734146,-0.3729123175144196,-0.7022086977958679,0.6057013869285583,-0.4081639647483826,-0.5613178014755249,-0.7199467420578003
2018-10-13 01:19:33.798 -0400,35,1539407973.000171,42.39114068452491,-72.52710275358756,58.21658,0,87.1875,4,5,-9999,890438.8604202918,-0.3531646728515625,-1.216964721679688,-1.305374145507812,890438.8554152917,-1.745884429854475,-0.4072857498558214,0.6051914899762838,-1.447115182876587,-0.2559247314929962,-3.651519060134888,-0.05341595411300659,-0.6221510171890259,-0.7029485702514648,XArbitraryZVertical,0.03961030766367912,-0.3476648926734924,-0.7550225853919983,0.5545257925987244,-0.3257649540901184,-0.5689195394515991,-0.7551202774047852
2018-10-13 01:19:33.838 -0400,36,1539407973.000171,42.39114068452491,-72.52710275358756,58.21658,0,87.1875,4,5,-9999,890438.9004902918,-0.3967437744140625,-1.241592407226562,-1.056198120117188,890438.8954852917,-1.937341848376126,-0.3192848759118997,0.5889834295721047,-2.208897590637207,-0.6921283602714539,-3.359391212463379,-0.05647510290145874,-0.7590591907501221,-0.1782312989234924,XArbitraryZVertical,0.03693879023194313,-0.3223274350166321,-0.8047593832015991,0.497092217206955,-0.2609992325305939,-0.5555160045623779,-0.7894811034202576
2018-10-13 01:19:33.878 -0400,37,1539407973.000171,42.39114068452491,-72.52710275358756,58.21658,0,87.1875,4,5,-9999,890438.9405592917,-0.4095458984375,-1.168243408203125,-1.40625,890438.9355542917,-2.113191124646511,-0.2563167996324237,0.5258695485363837,-2.591779232025146,-0.8673509359359741,-3.013084411621094,-0.219226062297821,-0.6840088963508606,-0.5857924818992615,XArbitraryZVertical,0.01933204010128975,-0.2851497232913971,-0.8502047061920166,0.4421153366565704,-0.2192657440900803,-0.5019652843475342,-0.8366318345069885
2018-10-13 01:19:33.918 -0400,38,1539407973.000171,42.39114068452491,-72.52710275358756,58.21658,0,87.1875,4,5,-9999,890438.9806292917,-0.351837158203125,-1.074417114257812,-0.8902740478515625,890438.9756242917,-2.26582871557041,-0.2265173822758134,0.4489206217403904,-2.706888437271118,-1.117616534233093,-2.658374786376953,-0.1690970361232758,-0.6655702590942383,-0.117292046546936,XArbitraryZVertical,-0.00601205974817276,-0.247008353471756,-0.8879419565200806,0.3879538476467133,-0.2023324072360992,-0.4339933693408966,-0.8779014348983765
2018-10-13 01:19:33.958 -0400,39,1539407973.000171,42.39114068452491,-72.52710275358756,58.21658,0,87.1875,4,5,-9999,890439.0206982917,-0.4095001220703125,-1.072952270507812,-1.246231079101562,890439.0156932917,-2.392898108366598,-0.2242189414558277,0.3623780393968244,-2.861975908279419,-1.310579180717468,-2.072164535522461,-0.1769979298114777,-0.7117395401000977,-0.1988846659660339,XArbitraryZVertical,-0.03694374859333038,-0.2069061249494553,-0.9171341061592102,0.3386566638946533,-0.2079050242900848,-0.3544988334178925,-0.9116500020027161
2018-10-13 01:19:33.998 -0400,40,1539407973.000171,42.39114068452491,-72.52710275358756,58.21658,0,87.1875,4,5,-9999,890439.0607639167,-0.4024505615234375,-1.122161865234375,-1.00115966796875,890439.0557589168,-2.502704338491452,-0.2513867510168969,0.2569703284421819,-3.371633768081665,-1.723194599151611,-1.747264862060547,-0.1956692039966583,-0.8840320706367493,-0.2012662291526794,XArbitraryZVertical,-0.07811866700649261,-0.159734383225441,-0.9391999244689941,0.2937422692775726,-0.2405795753002167,-0.2541515231132507,-0.9367647767066956
2018-10-13 01:19:34.038 -0400,41,1539407973.000171,42.39114068452491,-72.52710275358756,58.21658,0,87.1875,4,5,-9999,890439.1008329167,-0.3343505859375,-0.844696044921875,-0.809051513671875,890439.0958289168,-2.602639448820812,-0.3122953696638204,0.1347549192878211,-3.608234405517578,-2.347177267074585,-1.315949082374573,-0.0008089542388916016,-0.8154206275939941,0.1379651427268982,XArbitraryZVertical,-0.131855383515358,-0.1054152250289917,-0.9528096914291382,0.2522985339164734,-0.3044583797454834,-0.1343474537134171,-0.9430035948753357
2018-10-13 01:19:34.078 -0400,42,1539407973.000171,42.39114068452491,-72.52710275358756,58.21658,0,87.1875,4,5,-9999,890439.1409029167,-0.41302490234375,-0.5998992919921875,-0.716217041015625,890439.1358979167,-2.692937379145791,-0.4236423964629539,0.04045959625258495,-2.665335655212402,-3.455106735229492,-1.213721752166748,-0.02722588181495667,-0.4668146371841431,0.03682816028594971,XArbitraryZVertical,-0.2005318105220795,-0.06603945046663284,-0.9539042115211487,0.2132880091667175,-0.4107471108436584,-0.04044855758547783,-0.9108515381813049
2018-10-13 01:19:34.119 -0400,43,1539407973.000171,42.39114068452491,-72.52710275358756,58.21658,0,87.1875,4,5,-9999,890439.1809729168,-0.4578704833984375,-0.46466064453125,-0.4318084716796875,890439.1759679167,-2.771090505401529,-0.5841831185961766,-0.01835956881195308,-1.986087679862976,-4.544809818267822,-0.7749393582344055,0.1558563113212585,-0.5635703206062317,0.3966290354728699,XArbitraryZVertical,-0.2846362888813019,-0.04439685121178627,-0.9407315254211426,0.1789820492267609,-0.5514251589775085,0.01835853792726994,-0.8340222239494324
2018-10-13 01:19:34.159 -0400,44,1539407973.000171,42.39114068452491,-72.52710275358756,58.21658,0,87.1875,4,5,-9999,890439.2210419168,-0.6041107177734375,-0.249053955078125,-0.3802642822265625,890439.2160369167,-2.839255903022864,-0.7962775910933505,-0.05865188225495079,-1.82303249835968,-5.844187259674072,-0.6003214716911316,0.110165536403656,-0.3992554545402527,0.04951834678649902,XArbitraryZVertical,-0.3871874809265137,-0.03164032474160194,-0.9091679453849792,0.1499932259321213,-0.713528573513031,0.05861825868487358,-0.698169469833374
2018-10-13 01:19:34.257 -0400,45,1539407974.000171,42.39114068452491,-72.52710275358756,58.08462,0,87.1875,3,5,-9999,890439.2611119167,-0.44134521484375,-0.318603515625,0.5372772216796875,890439.2561069167,-2.876355373491431,-1.069588653952395,-0.05496740312596287,0.3077302277088165,-7.437625408172607,-0.8979924321174622,0.4705419540405273,-0.3404011726379395,0.9127883315086365,XArbitraryZVertical,-0.5081244111061096,-0.04393185302615166,-0.850644052028656,0.1276070028543472,-0.8756780624389648,0.05493972823023796,-0.479759156703949
2018-10-13 01:19:34.267 -0400,46,1539407974.000171,42.39114068452491,-72.52710275358756,58.08462,0,87.1875,3,5,-9999,890439.3011809167,-0.5850982666015625,-0.380584716796875,0.915496826171875,890439.2961759167,-2.832421417946683,-1.394493886534004,0.00363291496751127,2.645723342895508,-8.607419013977051,-1.376704573631287,0.4128367304801941,-0.2280412912368774,0.952000617980957,XArbitraryZVertical,-0.6342372894287109,-0.1002417504787445,-0.757649302482605,0.1168831288814545,-0.9844920039176941,-0.003632907057181001,-0.1753893047571182
2018-10-13 01:19:34.279 -0400,47,1539407974.000171,42.39114068452491,-72.52710275358756,58.08462,0,87.1875,3,5,-9999,890439.3412509167,-0.7176971435546875,-0.5723724365234375,1.415985107421875,890439.3362459167,-2.661817024219796,-1.770454517319184,0.07321189425907777,5.272914409637451,-9.400474548339844,-2.070944786071777,0.2400055527687073,-0.529743492603302,1.100048661231995,XArbitraryZVertical,-0.7458845376968384,-0.2062952816486359,-0.6213027834892273,0.1228053048253059,-0.9775086045265198,-0.0731465071439743,0.1978029757738113
2018-10-13 01:19:34.319 -0400,48,1539407974.000171,42.39114068452491,-72.52710275358756,58.08462,0,87.1875,3,5,-9999,890439.3813209167,-0.370574951171875,-0.7423248291015625,2.026702880859375,890439.3763159168,-2.44755090970681,-2.162146047017994,0.0707573757281267,4.522386074066162,-9.394228935241699,-1.969535231590271,0.4177265763282776,-0.5742906332015991,1.263264060020447,XArbitraryZVertical,-0.823681652545929,-0.3155821561813354,-0.452681303024292,0.1305224746465683,-0.8281117081642151,-0.07069835066795349,0.5560871362686157
2018-10-13 01:19:34.359 -0400,49,1539407974.000171,42.39114068452491,-72.52710275358756,58.08462,0,87.1875,3,5,-9999,890439.4213899167,-0.07977294921875,-0.930206298828125,2.32635498046875,890439.4163849168,-2.252879838939733,-2.543897077926284,0.01494059869267284,4.002353668212891,-9.270819664001465,-2.870179176330566,0.3362815976142883,-0.8974134922027588,1.309886455535889,XArbitraryZVertical,-0.8618987202644348,-0.4127975106239319,-0.2688890099525452,0.1201146841049194,-0.5626762509346008,-0.01494004298001528,0.8265423774719238
2018-10-13 01:19:34.399 -0400,50,1539407974.000171,42.39114068452491,-72.52710275358756,58.08462,0,87.1875,3,5,-9999,890439.4614599167,0.854248046875,-1.054580688476562,3.472076416015625,890439.4564549167,-2.068654415163712,-2.887800617802253,-0.04981874800571885,2.918786525726318,-7.956402778625488,-4.075316429138184,0.8984240293502808,-0.8541804552078247,2.464645624160767,XArbitraryZVertical,-0.8539542555809021,-0.5041281580924988,-0.09611564129590988,0.08589883148670197,-0.2507647573947906,0.0497981421649456,0.9667661190032959
2018-10-13 01:19:34.439 -0400,51,1539407974.000171,42.39114068452491,-72.52710275358756,58.08462,0,87.1875,3,5,-9999,890439.5015289168,1.048965454101562,-1.360504150390625,3.984512329101562,890439.4965239167,-1.845138490048162,-3.129290720521722,-0.1337603550331408,2.868997573852539,-4.916486740112305,-6.074385166168213,0.9358672499656677,-1.688995361328125,2.968220710754395,XArbitraryZVertical,-0.7956064939498901,-0.6020852327346802,0.03545737266540527,0.05697862058877945,-0.01219173986464739,0.1333618462085724,0.9909926652908325
2018-10-13 01:19:34.479 -0400,52,1539407974.000171,42.39114068452491,-72.52710275358756,58.08462,0,87.1875,3,5,-9999,890439.5415989168,1.485992431640625,-1.016708374023438,4.988784790039062,890439.5365939167,-1.527085382488413,-3.123664712677383,-0.2538451241057376,2.969234943389893,1.602063179016113,-9.333071708679199,1.477725386619568,-1.18984842300415,3.850423336029053,XArbitraryZVertical,-0.6867148876190186,-0.7157667279243469,0.08528953790664673,0.09394938498735428,-0.01735249720513821,0.2511277198791504,0.9677987098693848
2018-10-13 01:19:34.519 -0400,53,1539407974.000171,42.39114068452491,-72.52710275358756,58.08462,0,87.1875,3,5,-9999,890439.5816679167,3.554214477539062,-0.3984832763671875,3.566970825195312,890439.5766639167,-1.056361681735886,-2.733728056060436,-0.2815984299041156,2.390827417373657,10.26203727722168,-11.97626209259033,3.118300914764404,-1.501508951187134,3.916893005371094,XArbitraryZVertical,-0.5131836533546448,-0.8231337070465088,0.01764526776969433,0.2424498945474625,-0.3810268342494965,0.2778914868831635,0.881813108921051
2018-10-13 01:19:34.559 -0400,54,1539407974.000171,42.39114068452491,-72.52710275358756,58.08462,0,87.1875,3,5,-9999,890439.6217379167,8.813674926757812,-1.92584228515625,4.142929077148438,890439.6167329167,-0.6503338620381443,-1.992768157252498,-0.03362369332116829,2.222841262817383,22.1298656463623,-11.69181346893311,8.113397598266602,-2.526048898696899,2.701816320419312,XArbitraryZVertical,-0.2768138647079468,-0.7924887537956238,-0.1601816117763519,0.5193049311637878,-0.9117676019668579,0.03361735865473747,0.4093286693096161
2018-10-13 01:19:34.599 -0400,55,1539407974.000171,42.39114068452491,-72.52710275358756,58.08462,0,87.1875,3,5,-9999,890439.6618079167,15.77468872070312,-1.675994873046875,8.386566162109375,890439.6568029167,-1.199637936798881,-0.7597054428249318,0.1160306622275302,-34.95718002319336,25.23206901550293,-5.611101150512695,16.69059181213379,-6.35963249206543,6.067591190338135,XArbitraryZVertical,-0.1645030528306961,-0.3359417617321014,-0.5411196947097778,0.7531742453575134,-0.6840770244598389,-0.1157704815268517,-0.7201637625694275
2018-10-13 01:19:34.639 -0400,56,1539407974.000171,42.39114068452491,-72.52710275358756,58.08462,0,87.1875,3,5,-9999,890439.7018769167,4.726730346679688,8.98712158203125,-2.70416259765625,890439.6968719168,-1.369321459621791,-0.2580100560519937,-0.8130714846252862,0.5750541687011719,2.447501420974731,10.36941337585449,8.261894226074219,12.31771183013916,-2.786375522613525,XArbitraryZVertical,-0.3784948885440826,0.1564633697271347,-0.5366331934928894,0.7377572059631348,-0.1753618866205215,0.7264015674591064,-0.6645216941833496
2018-10-13 01:19:34.679 -0400,57,1539407974.000171,42.39114068452491,-72.52710275358756,58.08462,0,87.1875,3,5,-9999,890439.7419469167,3.295578002929688,-2.065460205078125,0.1897125244140625,890439.7369419168,-0.7933769733306285,-0.01952790130785416,-0.1011188531774622,22.70668792724609,-0.2071419060230255,11.34109783172607,2.622362613677979,-1.159555673599243,1.539685010910034,XArbitraryZVertical,-0.05037875100970268,0.010531110689044,-0.3853988647460938,0.9213136434555054,-0.01942691579461098,0.1009466201066971,-0.994702160358429
2018-10-13 01:19:34.719 -0400,58,1539407974.000171,42.39114068452491,-72.52710275358756,58.08462,0,87.1875,3,5,-9999,890439.7820159168,3.044281005859375,-1.389236450195312,-0.4082489013671875,890439.7770109167,-0.4842137402184207,0.009137697541908157,0.4310607717623057,6.590539932250977,4.654921054840088,3.636908054351807,2.500090599060059,-1.08311128616333,0.4253460764884949,XArbitraryZVertical,0.208696037530899,-0.04694046825170517,-0.2332504689693451,0.9485973119735718,0.008301693014800549,-0.4178347587585449,-0.9084851145744324
2018-10-13 01:19:34.759 -0400,59,1539407974.000171,42.39114068452491,-72.52710275358756,58.08462,0,87.1875,3,5,-9999,890439.8220859168,3.551666259765625,-0.6907501220703125,-0.968414306640625,890439.8170809167,-0.4366477313812252,0.2590826416454565,0.4812796220293681,-0.9419390559196472,7.6410813331604,0.363258570432663,3.031957387924194,-0.2294384837150574,0.4278953671455383,XArbitraryZVertical,0.2578904330730438,0.07129203528165817,-0.1785343736410141,0.9468555450439453,0.2270911335945129,-0.4629138112068176,-0.8568199276924133
2018-10-13 01:19:34.800 -0400,60,1539407974.000171,42.39114068452491,-72.52710275358756,58.08462,0,87.1875,3,5,-9999,890439.8621549167,3.59881591796875,-0.639068603515625,-2.971389770507812,890439.8571509167,-0.3619088226989203,0.5143041196922163,0.3775971811723474,-5.11276388168335,6.132905006408691,0.7887347340583801,3.430711030960083,-0.3297373056411743,-1.909371852874756,XArbitraryZVertical,0.2235017120838165,0.2130635529756546,-0.124005451798439,0.943013072013855,0.4572742879390717,-0.3686879873275757,-0.8093017935752869
2018-10-13 01:19:34.840 -0400,61,1539407974.000171,42.39114068452491,-72.52710275358756,58.08462,0,87.1875,3,5,-9999,890439.9022249167,2.508392333984375,2.498077392578125,-2.112564086914062,890439.8972199167,-0.1616121905888519,0.6214735016779239,0.1785150629408331,-5.285037040710449,2.430433750152588,1.58118212223053,2.17233419418335,1.891084671020508,-1.300606727600098,XArbitraryZVertical,0.1091752871870995,0.2966987192630768,-0.04938029870390892,0.9474239945411682,0.5729811787605286,-0.1775684356689453,-0.8001012802124023
2018-10-13 01:19:34.880 -0400,62,1539407974.000171,42.39114068452491,-72.52710275358756,58.08462,0,87.1875,3,5,-9999,890439.9422949167,1.819915771484375,0.492706298828125,-2.726287841796875,890439.9372899167,-0.1326022026769514,0.6853899505047812,0.2513016647367931,3.383495569229126,1.406045794487,1.476040363311768,1.375264644622803,1.346244931221008,-2.081245183944702,XArbitraryZVertical,0.1398611515760422,0.3248249590396881,-0.01988969556987286,0.935164213180542,0.6130929589271545,-0.2486649453639984,-0.7498552203178406
2018-10-13 01:19:34.920 -0400,63,1539407974.000171,42.39114068452491,-72.52710275358756,58.08462,0,87.1875,3,5,-9999,890439.9823639167,1.387893676757812,0.5839080810546875,-1.638504028320312,890439.9773589168,-0.1343734072095701,0.7367318025740238,0.2936210761293031,-1.517655491828918,0.9425488710403442,0.267729789018631,0.8481862545013428,0.5319129228591919,-1.173187017440796,XArbitraryZVertical,0.160077765583992,0.3462519943714142,-0.009402049705386162,0.9243356585502625,0.6431162357330322,-0.2894202172756195,-0.7089693546295166
2018-10-13 01:19:34.960 -0400,64,1539407974.000171,42.39114068452491,-72.52710275358756,58.08462,0,87.1875,3,5,-9999,890440.0224339167,0.908294677734375,0.3933563232421875,-1.563812255859375,890440.0174289168,-0.09403562889508148,0.7483948125801996,0.2531462045736743,-0.8113003373146057,0.3741771280765533,-0.2307263761758804,0.3052432537078857,0.8365717530250549,-0.8502951264381409,XArbitraryZVertical,0.1344126760959625,0.3566782176494598,0.002693130634725094,0.9245034456253052,0.6587765216827393,-0.2504511177539825,-0.7094277739524841
2018-10-13 01:19:35.000 -0400,65,1539407974.000171,42.39114068452491,-72.52710275358756,58.08462,0,87.1875,3,5,-9999,890440.062529125,0.6722412109375,-0.1589202880859375,-1.004379272460938,890440.0575251251,-0.09481547157716946,0.7701976185521663,0.2266472724865043,-0.6789370775222778,0.6462958455085754,-0.66261225938797,-0.01616227626800537,0.120112806558609,-0.4079598188400269,XArbitraryZVertical,0.1223694607615471,0.3678553998470306,-0.001206172397360206,0.9217953681945801,0.6784700155258179,-0.2247118055820465,-0.6994162201881409
2018-10-13 01:19:35.047 -0400,66,1539407974.000171,42.39114068452491,-72.52710275358756,58.08462,0,87.1875,3,5,-9999,890440.102599125,0.6375885009765625,-0.3938751220703125,-0.963348388671875,890440.0975941251,-0.09377092782316188,0.7839412137319747,0.184785057539317,-0.4718997180461884,0.1184357702732086,-0.6649067997932434,-0.06391316652297974,-0.08959543704986572,-0.1375526785850525,XArbitraryZVertical,0.1029979884624481,0.3759668171405792,-0.007922987453639507,0.9208568930625916,0.6940553784370422,-0.1837352514266968,-0.69608074426651
2018-10-13 01:19:35.087 -0400,67,1539407974.000171,42.39114068452491,-72.52710275358756,58.08462,0,87.1875,3,5,-9999,890440.1426691251,0.6507720947265625,-0.7780609130859375,-0.8795623779296875,890440.1376641251,-0.1016244417208085,0.7891438336604339,0.1667485405013402,-0.480062335729599,0.1515706032514572,-0.3127119243144989,-0.08132988214492798,-0.575264573097229,-0.20579993724823,XArbitraryZVertical,0.09623617678880692,0.3786785900592804,-0.01475310232490301,0.920393168926239,0.6999059319496155,-0.1659768670797348,-0.694682240486145
2018-10-13 01:19:35.120 -0400,68,1539407974.000171,42.39114068452491,-72.52710275358756,58.08462,0,87.1875,3,5,-9999,890440.1827381251,0.631561279296875,-0.388153076171875,-0.7505340576171875,890440.1777031251,-0.07714642021151674,0.7797077730256522,0.1309153659744421,-1.143687009811401,-0.4159559905529022,-0.02360460720956326,-0.04313987493515015,-0.3354769349098206,-0.06103366613388062,XArbitraryZVertical,0.07508265972137451,0.3766240477561951,-0.01075246278196573,0.9232558012008667,0.6970553398132324,-0.1305417269468307,-0.7050338387489319
2018-10-13 01:19:35.160 -0400,69,1539407974.000171,42.39114068452491,-72.52710275358756,58.08462,0,87.1875,3,5,-9999,890440.2228081251,0.668212890625,-0.3342437744140625,-0.6847686767578125,890440.217772125,-0.05716602014042723,0.7527950467589605,0.120709539993518,0.04907283559441566,-0.7090874910354614,0.3066903650760651,-0.02602690458297729,-0.1559963524341583,0.00742948055267334,XArbitraryZVertical,0.06655841320753098,0.3651502728462219,-0.004367802757769823,0.928555965423584,0.6787063479423523,-0.1204166114330292,-0.7244704961776733
2018-10-13 01:19:35.200 -0400,70,1539407974.000171,42.39114068452491,-72.52710275358756,58.08462,0,87.1875,3,5,-9999,890440.2628771251,0.7129669189453125,-0.303253173828125,-0.65509033203125,890440.257842125,-0.04091944001393072,0.7271088519546339,0.1284501330169082,-0.606412947177887,-0.588905394077301,0.4744907915592194,0.07436054944992065,-0.2525638043880463,0.05661821365356445,XArbitraryZVertical,0.0672333687543869,0.3535639643669128,0.003736179322004318,0.9329834580421448,0.6592362523078918,-0.12809719145298,-0.7409443855285645
2018-10-13 01:19:35.240 -0400,71,1539407974.000171,42.39114068452491,-72.52710275358756,58.08462,0,87.1875,3,5,-9999,890440.302947125,0.6607818603515625,0.0380096435546875,-0.63909912109375,890440.297911125,-0.005693337871235944,0.696784245119098,0.1217820544858853,-0.5014631152153015,-0.5889487266540527,0.6281636357307434,0.01520460844039917,0.136160209774971,0.1780542731285095,XArbitraryZVertical,0.05816728994250298,0.3405900895595551,0.01810379140079021,0.9382361769676208,0.6370018124580383,-0.121481254696846,-0.761229932308197
2018-10-13 01:19:35.281 -0400,72,1539407974.000171,42.39114068452491,-72.52710275358756,58.08462,0,87.1875,3,5,-9999,890440.343016125,0.72705078125,-0.2385711669921875,-0.7654571533203125,890440.3379811251,0.02641476516472673,0.6782300184955399,0.1245665970065389,-0.9665520787239075,-0.2416223883628845,0.6257864236831665,0.1085705757141113,-0.1108627244830132,0.02484816312789917,XArbitraryZVertical,0.05430831760168076,0.3327538967132568,0.03313420712947845,0.9408653378486633,0.6225543022155762,-0.1242446973919868,-0.7726508975028992
2018-10-13 01:19:35.322 -0400,73,1539407974.000171,42.39114068452491,-72.52710275358756,58.08462,0,87.1875,3,5,-9999,890440.383086125,0.7065277099609375,0.2244720458984375,-0.59075927734375,890440.3780511251,0.08613221278556427,0.6598169180849777,0.08799584179347007,-1.602974414825439,-0.3758583068847656,0.6448739767074585,0.08600896596908569,0.176322266459465,0.1765738129615784,XArbitraryZVertical,0.02763945795595646,0.3251343369483948,0.05492722615599632,0.9436666369438171,0.6106005311012268,-0.08788232505321503,-0.7870474457740784
2018-10-13 01:19:35.361 -0400,74,1539407975.000172,42.39114068452491,-72.52710275358756,58.0729,0,87.1875,3,5,-9999,890440.423156125,0.66278076171875,0.034881591796875,-0.757232666015625,890440.4181201251,0.1229055045855815,0.6426279774285539,0.07678363532491846,-0.2541345357894897,-0.296718955039978,0.5218914747238159,0.05224478244781494,0.1793235689401627,0.08635765314102173,XArbitraryZVertical,0.01696817390620708,0.3172217309474945,0.07032684236764908,0.9455879926681519,0.5975354909896851,-0.07670820504426956,-0.7981649041175842
2018-10-13 01:19:35.401 -0400,75,1539407975.000172,42.39114068452491,-72.52710275358756,58.0729,0,87.1875,3,5,-9999,890440.4632251251,0.5877685546875,0.000579833984375,-0.642425537109375,890440.4581901251,0.1494398629030708,0.6338747221648821,0.07075633716093385,-0.8845358490943909,-0.08353406190872192,0.3621766567230225,0.0003820061683654785,0.02885770797729492,0.1226312518119812,XArbitraryZVertical,0.01026451028883457,0.3131027817726135,0.0818808525800705,0.9461272954940796,0.590789258480072,-0.07069731503725052,-0.8037225604057312
2018-10-13 01:19:35.441 -0400,76,1539407975.000172,42.39114068452491,-72.52710275358756,58.0729,0,87.1875,3,5,-9999,890440.5032951251,0.622222900390625,0.097564697265625,-0.7283935546875,890440.498259125,0.184178277823329,0.6318623759206401,0.04661234773621917,-0.8884789943695068,0.04351723939180374,0.3275546133518219,0.00774073600769043,0.1373242288827896,0.1406929492950439,XArbitraryZVertical,-0.006507238373160362,0.3113381266593933,0.09459394216537476,0.9455571174621582,0.5900070667266846,-0.04659546911716461,-0.8060524463653564
2018-10-13 01:19:35.481 -0400,77,1539407975.000172,42.39114068452491,-72.52710275358756,58.0729,0,87.1875,3,5,-9999,890440.5433341251,0.668914794921875,0.027587890625,-0.7703399658203125,890440.538329125,0.2047620484787052,0.6349411598410358,0.03248416404164312,-0.4321310222148895,0.1450221240520477,0.1014053747057915,0.08284193277359009,0.0795365571975708,0.002298414707183838,XArbitraryZVertical,-0.01655075326561928,0.3120659291744232,0.1021256372332573,0.9444105625152588,0.5928172469139099,-0.0324784517288208,-0.8046818375587463
2018-10-13 01:19:35.521 -0400,78,1539407975.000172,42.39114068452491,-72.52710275358756,58.0729,0,87.1875,3,5,-9999,890440.5834031251,0.700653076171875,0.00439453125,-0.7567138671875,890440.578399125,0.2193381389559246,0.6440464566618663,0.01525649749905284,-0.5369377136230469,0.1278207153081894,0.1078090742230415,0.09082633256912231,0.00794694572687149,0.05829232931137085,XArbitraryZVertical,-0.02744565159082413,0.3153679668903351,0.106220044195652,0.9426063895225525,0.6003662943840027,-0.01525590568780899,-0.7995795607566833
2018-10-13 01:19:35.561 -0400,79,1539407975.000172,42.39114068452491,-72.52710275358756,58.0729,0,87.1875,3,5,-9999,890440.623473125,0.6584014892578125,0.06060791015625,-0.7996978759765625,890440.618468125,0.2296389370415228,0.6488608447300375,0.0059771627349078,-0.07137130200862885,0.06579066812992096,0.0850377157330513,0.05938214063644409,0.08269831538200378,-0.001825571060180664,XArbitraryZVertical,-0.03370634466409683,0.3169931769371033,0.1095365658402443,0.9414779543876648,0.6042683124542236,-0.005977127235382795,-0.7967584133148193
2018-10-13 01:19:35.601 -0400,80,1539407975.000172,42.39114068452491,-72.52710275358756,58.0729,0,87.1875,3,5,-9999,890440.663543125,0.6339111328125,0.0438690185546875,-0.8192138671875,890440.6585381251,0.2308608148040312,0.6555780799680619,0.00533043521559629,-0.03994099795818329,0.06703133881092072,-0.01989855244755745,0.03771466016769409,0.0453542098402977,-0.03754627704620361,XArbitraryZVertical,-0.0345737598836422,0.3200975656509399,0.1098939254879951,0.9403539896011353,0.6096089482307434,-0.005330409854650497,-0.7926844358444214
2018-10-13 01:19:35.641 -0400,81,1539407975.000172,42.39114068452491,-72.52710275358756,58.0729,0,87.1875,3,5,-9999,890440.703612125,0.6321563720703125,0.0892181396484375,-0.7931976318359375,890440.6986071251,0.2331849176356809,0.6604411930270296,-0.0009291875947358018,-0.1144015938043594,0.04197372123599052,-0.03247213736176491,0.0115807056427002,0.07702796161174774,-0.01145672798156738,XArbitraryZVertical,-0.03815622255206108,0.3219991624355316,0.109893724322319,0.9395657777786255,0.6134650707244873,0.0009291874594055116,-0.7897213101387024
2018-10-13 01:19:35.681 -0400,82,1539407975.000172,42.39114068452491,-72.52710275358756,58.0729,0,87.1875,3,5,-9999,890440.743682125,0.6778717041015625,0.040283203125,-0.7848052978515625,890440.7386771251,0.2320461890710905,0.6618180242051507,-0.006131381068617531,-0.03820185363292694,0.01301289536058903,-0.1143184006214142,0.0479046106338501,0.04820520430803299,0.01313507556915283,XArbitraryZVertical,-0.04049141705036163,0.3223813474178314,0.1084926575422287,0.9394998550415039,0.6145405173301697,0.006131342612206936,-0.7888614535331726
2018-10-13 01:19:35.721 -0400,83,1539407975.000172,42.39114068452491,-72.52710275358756,58.0729,0,87.1875,3,5,-9999,890440.7837511251,0.7166290283203125,-0.0537872314453125,-0.66290283203125,890440.7787461251,0.2285773232412056,0.6624272018441657,-0.01043056709977051,0.0006029186770319939,0.02125854045152664,-0.1074642241001129,0.04947549104690552,0.01178641617298126,0.02289485931396484,XArbitraryZVertical,-0.04198392108082771,0.3225026428699493,0.1061554178595543,0.9396595358848572,0.614998996257782,0.01043037790805101,-0.7884587645530701
2018-10-13 01:19:35.761 -0400,84,1539407975.000172,42.39114068452491,-72.52710275358756,58.0729,0,87.1875,3,5,-9999,890440.8238211251,0.6947784423828125,0.0772247314453125,-0.6129913330078125,890440.818816125,0.2218304634325877,0.6653768931314928,-0.01500567379477969,0.04670955985784531,0.1122130677103996,-0.2059304714202881,0.3028188943862915,0.05085182189941406,0.2159472703933716,XArbitraryZVertical,-0.04319587349891663,0.3237844705581665,0.1021805331110954,0.9396042227745056,0.6172860860824585,0.01500511076301336,-0.7865954637527466
2018-10-13 01:19:35.801 -0400,85,1539407975.000172,42.39114068452491,-72.52710275358756,58.0729,0,87.1875,3,5,-9999,890440.8638901251,0.6923980712890625,0.0280914306640625,-0.5653533935546875,890440.858886125,0.2300643208879934,0.6709597666125041,-0.02582542492312405,-0.2074830085039139,-0.4244993329048157,-0.05314945057034492,0.1474361419677734,-0.06602946668863297,0.2015583515167236,XArbitraryZVertical,-0.04989653080701828,0.3256199359893799,0.1041480600833893,0.9384211897850037,0.6215305328369141,0.02582255378365517,-0.7829639911651611
2018-10-13 01:19:35.842 -0400,86,1539407975.000172,42.39114068452491,-72.52710275358756,58.0729,0,87.1875,3,5,-9999,890440.9039601251,0.5817413330078125,-0.050262451171875,-0.7286529541015625,890440.898955125,0.2414681264150589,0.684023777698107,-0.04173261234849621,-0.5133309364318848,0.2607808113098145,0.02623724937438965,-0.02835428714752197,-0.03045950829982758,0.06339329481124878,XArbitraryZVertical,-0.05989838391542435,0.330501914024353,0.1064938083291054,0.9358626008033752,0.6313663721084595,0.04172049835324287,-0.7743613123893738
2018-10-13 01:19:35.882 -0400,87,1539407975.000172,42.39114068452491,-72.52710275358756,58.0729,0,87.1875,3,5,-9999,890440.944030125,0.5548553466796875,0.0722503662109375,-0.7838287353515625,890440.939025125,0.251434390634963,0.7008136489947706,-0.0586886583924028,-0.516687273979187,0.2485198527574539,-0.06401807814836502,-0.08058845996856689,-0.01258869469165802,0.02218741178512573,XArbitraryZVertical,-0.07036389410495758,0.3369690179824829,0.1077239215373993,0.9326816201210022,0.6437293887138367,0.05865497514605522,-0.7630016207695007
2018-10-13 01:19:35.922 -0400,88,1539407975.000172,42.39114068452491,-72.52710275358756,58.0729,0,87.1875,3,5,-9999,890440.984099125,0.6702117919921875,0.077056884765625,-0.8990478515625,890440.9790941251,0.255274537104951,0.7078064828357195,-0.06663874612904884,0.01898802258074284,0.1187609955668449,-0.04402532801032066,-0.02351182699203491,0.04733267426490784,-0.09908974170684814,XArbitraryZVertical,-0.07508429884910583,0.3395743370056152,0.1078849956393242,0.9313490986824036,0.6487254500389099,0.06658943742513657,-0.7581032514572144
2018-10-13 01:19:35.962 -0400,89,1539407975.000172,42.39114068452491,-72.52710275358756,58.0729,0,87.1875,3,5,-9999,890441.024169125,0.6888580322265625,-0.014404296875,-0.891754150390625,890441.0191641251,0.2551288159809109,0.7081638611769517,-0.06967442086842192,-0.2506364583969116,-0.0891810804605484,-0.0004371043760329485,0.03450304269790649,-0.1133039742708206,-0.1435155272483826,XArbitraryZVertical,-0.07648783177137375,0.3395474255084991,0.1072758510708809,0.9313150644302368,0.6488618850708008,0.06961806118488312,-0.7577143311500549
2018-10-13 01:19:36.002 -0400,90,1539407975.000172,42.39114068452491,-72.52710275358756,58.0729,0,87.1875,3,5,-9999,890441.0642437501,0.7010345458984375,-0.0229949951171875,-0.826629638671875,890441.05923875,0.2595765723137246,0.7030645616864436,-0.07671871936550673,-0.2473957091569901,-0.1369787156581879,0.05768092721700668,0.07700788974761963,-0.09174969047307968,-0.07441705465316772,XArbitraryZVertical,-0.08023472130298615,0.3365297913551331,0.1083258464932442,0.9319732785224915,0.6446565389633179,0.07664348185062408,-0.7606201767921448
2018-10-13 01:19:36.042 -0400,91,1539407975.000172,42.39114068452491,-72.52710275358756,58.0729,0,87.1875,3,5,-9999,890441.1043137501,0.961517333984375,0.0700531005859375,-0.7984466552734375,890441.09930875,0.2664231180090745,0.706187685390444,-0.08913231929959357,-0.0656842440366745,0.439702183008194,0.2295376360416412,-0.29627925157547,-0.06798774003982544,0.01868504285812378,XArbitraryZVertical,-0.08731583505868912,0.3368464708328247,0.1092308387160301,0.9311162829399109,0.6463616490364075,0.08901434391736984,-0.7578207850456238
2018-10-13 01:19:36.082 -0400,92,1539407975.000172,42.39114068452491,-72.52710275358756,58.0729,0,87.1875,3,5,-9999,890441.14438375,0.676239013671875,0.162689208984375,-0.7116241455078125,890441.13937875,0.2894779883313183,0.7016397524026592,-0.0883586630378104,-0.5265170931816101,-0.2816038727760315,0.1279211342334747,-0.02570414543151855,-0.08816744387149811,0.02171498537063599,XArbitraryZVertical,-0.090561643242836,0.3337605595588684,0.1202975437045097,0.9305533766746521,0.6429527401924133,0.08824373781681061,-0.7608049511909485
2018-10-13 01:19:36.122 -0400,93,1539407975.000172,42.39114068452491,-72.52710275358756,58.0729,0,87.1875,3,5,-9999,890441.18445275,0.7063751220703125,0.1331329345703125,-0.7175750732421875,890441.1794477501,0.3008456401495834,0.6922147578069977,-0.09340107435607495,-0.1220953837037086,-0.2326731532812119,0.1558738052845001,0.04450058937072754,0.02122136205434799,0.05816560983657837,XArbitraryZVertical,-0.09420104324817657,0.3284613490104675,0.1251580864191055,0.9314361810684204,0.6354616284370422,0.09326533228158951,-0.7664785981178284
2018-10-13 01:19:36.162 -0400,94,1539407975.000172,42.39114068452491,-72.52710275358756,58.0729,0,87.1875,3,5,-9999,890441.22452275,0.6485595703125,0.11578369140625,-0.7029876708984375,890441.2195177501,0.3061114336263285,0.6824040207929856,-0.09304187465679548,-0.1170584335923195,-0.2470378875732422,0.08397790789604187,0.03320038318634033,-0.0009429752826690674,0.05909407138824463,XArbitraryZVertical,-0.09427177906036377,0.32366943359375,0.1281353682279587,0.9327006340026855,0.6279324889183044,0.09290768951177597,-0.7727018594741821
2018-10-13 01:19:36.202 -0400,95,1539407975.000172,42.39114068452491,-72.52710275358756,58.0729,0,87.1875,3,5,-9999,890441.2645917501,0.6663665771484375,0.126617431640625,-0.6904296875,890441.2595867501,0.3095309670947488,0.6740904029991072,-0.09370302822697182,-0.008462835103273392,-0.209751769900322,0.04428455978631973,0.04490292072296143,0.03353974968194962,0.0879058837890625,XArbitraryZVertical,-0.09459210187196732,0.3195757865905762,0.1300127953290939,0.9338192343711853,0.6214483976364136,0.09356596320867538,-0.7778472900390625
2018-10-13 01:19:36.242 -0400,96,1539407975.000172,42.39114068452491,-72.52710275358756,58.0729,0,87.1875,3,5,-9999,890441.3046617501,0.6605072021484375,0.061676025390625,-0.7503509521484375,890441.2996567501,0.3099614497671019,0.6711872222656813,-0.09098419794687644,0.03519125655293465,-0.1363394111394882,0.051082544028759,0.04079753160476685,-0.02329280227422714,0.04904007911682129,XArbitraryZVertical,-0.09320811182260513,0.3184179365634918,0.1308020651340485,0.9342436194419861,0.6193434596061707,0.09085872024297714,-0.7798445224761963
2018-10-13 01:19:36.282 -0400,97,1539407976.000172,42.39114068452491,-72.52710275358756,58.07266,0,87.1875,3,5,-9999,890441.3447307501,0.6236114501953125,0.0897369384765625,-0.7494049072265625,890441.33972675,0.3156550154897351,0.6707444807919671,-0.09440736465085479,-0.2194939702749252,-0.100662425160408,0.09445305913686752,0.00558847188949585,-0.004988007247447968,0.04268783330917358,XArbitraryZVertical,-0.09567498415708542,0.3176650404930115,0.1329144686460495,0.9339523315429688,0.6188011765480042,0.09426718950271606,-0.7798704504966736
2018-10-13 01:19:36.322 -0400,98,1539407976.000172,42.39114068452491,-72.52710275358756,58.07266,0,87.1875,3,5,-9999,890441.3848007501,0.614959716796875,-0.0164337158203125,-0.71185302734375,890441.37979575,0.3191416836822225,0.6781831488965218,-0.1025852756772942,-0.2618718445301056,-0.1113821566104889,0.2068068832159042,0.1459999084472656,-0.1876257658004761,0.08809614181518555,XArbitraryZVertical,-0.1005202755331993,0.3202903270721436,0.1328122615814209,0.93256014585495,0.6240806579589844,0.1024054437875748,-0.7746195793151855
2018-10-13 01:19:36.362 -0400,99,1539407976.000172,42.39114068452491,-72.52710275358756,58.07266,0,87.1875,3,5,-9999,890441.4248707501,0.6486053466796875,0.12152099609375,-0.7669219970703125,890441.41986575,0.3250567769729508,0.6737530918353619,-0.1036386828611689,-0.02891845628619194,-0.2272913753986359,0.1214334070682526,0.05957001447677612,0.0002454817295074463,0.03280031681060791,XArbitraryZVertical,-0.1016550287604332,0.3178369104862213,0.1356184780597687,0.9328725337982178,0.6205752491950989,0.1034532487392426,-0.7772918939590454
2018-10-13 01:19:36.402 -0400,100,1539407976.000172,42.39114068452491,-72.52710275358756,58.07266,0,87.1875,3,5,-9999,890441.46493975,0.6402435302734375,0.096160888671875,-0.7530059814453125,890441.4599347501,0.3259927213713067,0.6713099202593521,-0.1009307247698682,0.008979507721960545,-0.050595473498106,0.04744599759578705,0.08032667636871338,0.1516361832618713,0.03002935647964478,XArbitraryZVertical,-0.1003813520073891,0.3168792426586151,0.1366293877363205,0.9331886768341064,0.6188463568687439,0.1007594466209412,-0.7790222764015198
2018-10-13 01:19:36.442 -0400,101,1539407976.000172,42.39114068452491,-72.52710275358756,58.07266,0,87.1875,3,5,-9999,890441.50500975,0.6327056884765625,0.1009521484375,-0.77264404296875,890441.5000047501,0.3258281458696811,0.6706622903538361,-0.09712331120300308,-0.006832523737102747,-0.02808854915201664,0.03220592811703682,0.02578777074813843,0.01087842881679535,0.008767485618591309,XArbitraryZVertical,-0.09854438155889511,0.3169071078300476,0.1372169405221939,0.9332888126373291,0.6185756325721741,0.09697069227695465,-0.7797178030014038
2018-10-13 01:19:36.483 -0400,102,1539407976.000172,42.39114068452491,-72.52710275358756,58.07266,0,87.1875,3,5,-9999,890441.54507875,0.6329193115234375,0.104400634765625,-0.7574920654296875,890441.5400737501,0.3265697502130825,0.6719227406528089,-0.09844134874237268,0.05293011292815208,0.005492544732987881,0.01668289303779602,0.007063329219818115,0.01386967301368713,0.01980352401733398,XArbitraryZVertical,-0.09936000406742096,0.3173471391201019,0.1372817307710648,0.9330432415008545,0.6194778084754944,0.09828243404626846,-0.7788367867469788
2018-10-13 01:19:36.523 -0400,103,1539407976.000172,42.39114068452491,-72.52710275358756,58.07266,0,87.1875,3,5,-9999,890441.5851487501,0.6583099365234375,0.092315673828125,-0.779083251953125,890441.5801437501,0.3257370775931837,0.6726673441979849,-0.09540110599190976,0.07228385657072067,-0.01612205430865288,0.006188041530549526,0.03213334083557129,0.001407966017723083,0.001399040222167969,XArbitraryZVertical,-0.09786844998598099,0.3179922103881836,0.1373620331287384,0.9329695701599121,0.6202409267425537,0.09525645524263382,-0.7786054611206055
2018-10-13 01:19:36.563 -0400,104,1539407976.000172,42.39114068452491,-72.52710275358756,58.07266,0,87.1875,3,5,-9999,890441.6252177501,0.6579437255859375,0.1011199951171875,-0.760986328125,890441.6202137501,0.3241443630274056,0.6718022877408719,-0.09385531330621096,0.09483864903450012,-0.03882411867380142,-0.002125948201864958,0.03981149196624756,0.01226996630430222,0.01245617866516113,XArbitraryZVertical,-0.09683866053819656,0.3177959024906158,0.136917918920517,0.9332093596458435,0.6196581125259399,0.09371758252382278,-0.7792561054229736
2018-10-13 01:19:36.603 -0400,105,1539407976.000172,42.39114068452491,-72.52710275358756,58.07266,0,87.1875,3,5,-9999,890441.6652877501,0.6548614501953125,0.1015472412109375,-0.7815399169921875,890441.66028275,0.3231851817653529,0.6715133944754742,-0.09224718834160793,0.02111897990107536,-0.04547466710209846,0.02716429531574249,0.03779220581054688,0.001160562038421631,0.0009418725967407227,XArbitraryZVertical,-0.09592002630233765,0.317841649055481,0.1367511749267578,0.9333131909370422,0.6195259690284729,0.09211641550064087,-0.7795520424842834
2018-10-13 01:19:36.643 -0400,106,1539407976.000172,42.39114068452491,-72.52710275358756,58.07266,0,87.1875,3,5,-9999,890441.7053577501,0.6322021484375,0.1331329345703125,-0.7564239501953125,890441.70035275,0.322645789931706,0.6699576503328447,-0.0897622227714671,0.09511631727218628,-0.09316764026880264,0.02804993093013763,0.02024972438812256,0.04059202969074249,0.01753896474838257,XArbitraryZVertical,-0.09457406401634216,0.3173479735851288,0.1369852721691132,0.9335843324661255,0.6184527277946472,0.08964173495769501,-0.7806920409202576
2018-10-13 01:19:36.683 -0400,107,1539407976.000172,42.39114068452491,-72.52710275358756,58.07266,0,87.1875,3,5,-9999,890441.74542675,0.6412200927734375,0.0937347412109375,-0.75201416015625,890441.74042175,0.3221677328369881,0.6678098189059617,-0.08798625858249302,-0.02532763034105301,-0.08043869584798813,0.009532704949378967,0.02457684278488159,-0.002438820898532867,0.02033209800720215,XArbitraryZVertical,-0.09352606534957886,0.3165149092674255,0.1371564567089081,0.9339476823806763,0.6168721318244934,0.08787277340888977,-0.7821424007415771
2018-10-13 01:19:36.723 -0400,108,1539407976.000172,42.39114068452491,-72.52710275358756,58.07266,0,87.1875,3,5,-9999,890441.78549675,0.6310577392578125,0.10345458984375,-0.7331085205078125,890441.7804917501,0.3219210508887974,0.6672640279327144,-0.0886638541788374,0.06489697843790054,-0.0193513035774231,-0.009989596903324127,0.01583969593048096,0.0178060308098793,0.03568220138549805,XArbitraryZVertical,-0.09376447647809982,0.3162154257297516,0.1369550824165344,0.934054970741272,0.6164082288742065,0.0885477289557457,-0.7824320793151855
2018-10-13 01:19:36.763 -0400,109,1539407976.000172,42.39114068452491,-72.52710275358756,58.07266,0,87.1875,3,5,-9999,890441.82556575,0.64453125,0.0815887451171875,-0.7393035888671875,890441.8205617501,0.3211261490152458,0.6689439719135707,-0.08906021393771396,0.003987678792327642,0.03136993199586868,-0.0214795395731926,0.007528901100158691,0.01106356829404831,0.04766422510147095,XArbitraryZVertical,-0.09393761307001114,0.3170044124126434,0.136439636349678,0.9338456392288208,0.6176999807357788,0.08894252777099609,-0.7813678383827209
2018-10-13 01:19:36.803 -0400,110,1539407976.000172,42.39114068452491,-72.52710275358756,58.07266,0,87.1875,3,5,-9999,890441.86563575,0.641693115234375,0.0849151611328125,-0.775970458984375,890441.8606307501,0.3217072438486837,0.6702122841906805,-0.09089820040482348,-0.1427370756864548,0.02575751952826977,0.07361607998609543,0.05049467086791992,-0.1050553098320961,0.01875090599060059,XArbitraryZVertical,-0.0949699878692627,0.3174169063568115,0.1363470107316971,0.9336147904396057,0.6185879707336426,0.0907730758190155,-0.7804543972015381
2018-10-13 01:19:36.843 -0400,111,1539407976.000172,42.39114068452491,-72.52710275358756,58.07266,0,87.1875,3,5,-9999,890441.9057057501,0.665771484375,0.058807373046875,-0.7424468994140625,890441.9007007501,0.3212847224181012,0.673545809692656,-0.09214179744194101,0.0364522784948349,0.02780087850987911,-0.03400824964046478,0.04181802272796631,-0.0171671062707901,0.02364528179168701,XArbitraryZVertical,-0.09570691734552383,0.3188896179199219,0.1357844918966293,0.9331195950508118,0.6211153268814087,0.0920114740729332,-0.7782992124557495
2018-10-13 01:19:36.919 -0400,112,1539407976.000172,42.39114068452491,-72.52710275358756,58.07266,0,87.1875,3,5,-9999,890441.9457747501,0.6482086181640625,0.09619140625,-0.76116943359375,890441.94076975,0.3201631570837512,0.6750956961624718,-0.0899354683157859,0.1374870389699936,-0.008373452350497246,-0.03178437426686287,0.008855640888214111,0.03163042664527893,0.02198374271392822,XArbitraryZVertical,-0.09460897743701935,0.3198484778404236,0.1355549693107605,0.9329367280006409,0.6224462389945984,0.08981427550315857,-0.7774921655654907
2018-10-13 01:19:37.051 -0400,113,1539407976.000172,42.39114068452491,-72.52710275358756,58.07266,0,87.1875,3,5,-9999,890441.9858447501,0.6383209228515625,0.0576324462890625,-0.766845703125,890441.98083975,0.3168417799944179,0.6763623283049394,-0.08830615030453948,0.02707283198833466,0.05348746851086617,-0.04381533712148666,0.01324325799942017,-0.02033559232950211,0.01047408580780029,XArbitraryZVertical,-0.09340628236532211,0.3207290768623352,0.1342178881168365,0.9329489469528198,0.6235212683677673,0.08819142729043961,-0.7768162488937378
2018-10-13 01:19:37.192 -0400,114,1539407976.000172,42.39114068452491,-72.52710275358756,58.07266,0,87.1875,3,5,-9999,890442.0259137501,0.661468505859375,0.0899200439453125,-0.7619476318359375,890442.02090875,0.3171558393372919,0.6796246492583273,-0.08997744378269953,0.001361919566988945,0.02626195549964905,0.01502361055463552,0.02640032768249512,-0.003888070583343506,0.003757715225219727,XArbitraryZVertical,-0.0944509282708168,0.3220991790294647,0.1339314579963684,0.9324128031730652,0.6259586811065674,0.08985608071088791,-0.7746622562408447
2018-10-13 01:19:37.324 -0400,115,1539407976.000172,42.39114068452491,-72.52710275358756,58.07266,0,87.1875,3,5,-9999,890442.065966625,0.640106201171875,0.0771331787109375,-0.7657623291015625,890442.0609616251,0.3156671922561484,0.6802808018320476,-0.08704586463894004,0.07578007876873016,-0.00232261698693037,-0.006673428695648909,0.01683324575424194,-3.71783971786499e-05,0.008293747901916504,XArbitraryZVertical,-0.09289497882127762,0.3227136731147766,0.1336985677480698,0.9323899745941162,0.6266298294067383,0.08693598210811615,-0.774452805519104
2018-10-13 01:19:37.355 -0400,116,1539407976.000172,42.39114068452491,-72.52710275358756,58.07266,0,87.1875,3,5,-9999,890442.1060356251,0.6394805908203125,0.0917510986328125,-0.7642669677734375,890442.1010316251,0.3157976549225062,0.6823361044807621,-0.08748124730164408,-0.08418317884206772,0.05566100776195526,-0.02568773366510868,0.004570424556732178,-0.0005319416522979736,0.003861963748931885,XArbitraryZVertical,-0.09325534105300903,0.3236302435398102,0.1335905641317368,0.9320517182350159,0.6281962990760803,0.08736971020698547,-0.7731338143348694
2018-10-13 01:19:37.406 -0400,117,1539407977.000172,42.39114068452491,-72.52710275358756,58.27932,0,211.2890625,3,5,-9999,890442.1461056251,0.65472412109375,0.0962066650390625,-0.7708282470703125,890442.141100625,0.3165531984684588,0.6843595257598288,-0.08927284644831242,0.03057312779128551,0.006629498675465584,-0.007182358298450708,0.02253168821334839,0.008990220725536346,0.005762636661529541,XArbitraryZVertical,-0.09434346854686737,0.3243917524814606,0.1335457116365433,0.9316838383674622,0.6296594142913818,0.08915431797504425,-0.771738588809967
2018-10-13 01:19:37.417 -0400,118,1539407977.000172,42.39114068452491,-72.52710275358756,58.27932,0,211.2890625,3,5,-9999,890442.1861756251,0.64605712890625,0.067901611328125,-0.7666778564453125,890442.181170625,0.3150377395205697,0.6844900424539009,-0.08833516288772365,-0.02637132257223129,0.009188629686832428,-0.02283934876322746,0.01787704229354858,-0.02469798922538757,-0.00275421142578125,XArbitraryZVertical,-0.09367163479328156,0.3246000409126282,0.1329918801784515,0.9317584037780762,0.6298127770423889,0.08822032809257507,-0.7717208862304688
2018-10-13 01:19:37.442 -0400,119,1539407977.000172,42.39114068452491,-72.52710275358756,58.27932,0,211.2890625,3,5,-9999,890442.2262446251,0.65582275390625,0.0845184326171875,-0.773284912109375,890442.221239625,0.3155796408368502,0.6856646049059645,-0.08943275579540555,0.008761394768953323,0.006950575858354568,0.01406673714518547,0.01575106382369995,-0.001422971487045288,0.004303574562072754,XArbitraryZVertical,-0.09434647858142853,0.3250325620174408,0.1330036371946335,0.9315377473831177,0.6306570768356323,0.08931358903646469,-0.7709051370620728
2018-10-13 01:19:37.471 -0400,120,1539407977.000172,42.39114068452491,-72.52710275358756,58.27932,0,211.2890625,3,5,-9999,890442.266314625,0.634429931640625,0.0961151123046875,-0.7560272216796875,890442.261309625,0.3157750583533551,0.6852328018026075,-0.08826231868072756,0.02696759253740311,-0.02320912480354309,0.00356855639256537,0.002590537071228027,0.006014227867126465,0.01471173763275146,XArbitraryZVertical,-0.09380707144737244,0.3249174356460571,0.133312851190567,0.9315881133079529,0.6303898096084595,0.08814776688814163,-0.771257758140564
2018-10-13 01:19:37.482 -0400,121,1539407977.000172,42.39114068452491,-72.52710275358756,58.27932,0,211.2890625,3,5,-9999,890442.306383625,0.643829345703125,0.04644775390625,-0.7702178955078125,890442.3013786251,0.3157809118964212,0.6858440883694727,-0.08901933343604061,-0.09643459320068359,0.01410156302154064,-0.02145770005881786,0.0002542734146118164,-0.03180341422557831,-0.001030087471008301,XArbitraryZVertical,-0.09419955313205719,0.3251402974128723,0.1331588476896286,0.9314928650856018,0.6308187246322632,0.08890181034803391,-0.7708204388618469
2018-10-13 01:19:37.497 -0400,122,1539407977.000172,42.39114068452491,-72.52710275358756,58.27932,0,211.2890625,3,5,-9999,890442.346453625,0.6519927978515625,0.075775146484375,-0.7445831298828125,890442.3414486251,0.3202257566818207,0.6866297359380366,-0.09350090481690268,-0.1426697671413422,-0.03009381145238876,0.0285965446382761,0.0185081958770752,-0.02637864649295807,0.02194660902023315,XArbitraryZVertical,-0.09705041348934174,0.3249258995056152,0.1344321966171265,0.9310920238494873,0.6311652064323425,0.09336473047733307,-0.7700087428092957
2018-10-13 01:19:37.502 -0400,123,1539407977.000172,42.39114068452491,-72.52710275358756,58.27932,0,211.2890625,3,5,-9999,890442.386523625,0.639678955078125,0.1195831298828125,-0.72900390625,890442.3814876251,0.3233594941964523,0.686147812381917,-0.09526062694721296,-0.02068936452269554,-0.0130077013745904,0.02882424555718899,0.01840466260910034,0.007468216121196747,0.04128742218017578,XArbitraryZVertical,-0.09834130108356476,0.3244021236896515,0.1356163620948792,0.930967390537262,0.6306889653205872,0.09511661529541016,-0.7701845169067383
2018-10-13 01:19:37.514 -0400,124,1539407977.000172,42.39114068452491,-72.52710275358756,58.27932,0,211.2890625,3,5,-9999,890442.4265926251,0.64080810546875,0.0908050537109375,-0.7549591064453125,890442.4215576251,0.3215845906354117,0.6879641585254186,-0.09075994863356324,0.09665234386920929,0.04774617403745651,-0.004384974483400583,0.01069885492324829,0.01431455463171005,0.02035242319107056,XArbitraryZVertical,-0.09609246999025345,0.3257083594799042,0.1354650855064392,0.9307681322097778,0.6323522925376892,0.09063539654016495,-0.7693606019020081
2018-10-13 01:19:37.519 -0400,125,1539407977.000172,42.39114068452491,-72.52710275358756,58.27932,0,211.2890625,3,5,-9999,890442.4666626251,0.6420135498046875,0.126800537109375,-0.7850799560546875,890442.461626625,0.3209759217716104,0.6903152499750022,-0.08991978120374583,0.03721846640110016,0.02366042882204056,-0.01035378314554691,0.005837500095367432,0.02531364560127258,-0.01087832450866699,XArbitraryZVertical,-0.09576336294412613,0.326900988817215,0.1352118849754333,0.9304208159446716,0.6342076659202576,0.08979865163564682,-0.767930269241333
2018-10-13 01:19:37.526 -0400,126,1539407977.000172,42.39114068452491,-72.52710275358756,58.27932,0,211.2890625,3,5,-9999,890442.5067316251,0.6243896484375,0.12957763671875,-0.814666748046875,890442.501696625,0.320625253444707,0.6883461760996957,-0.09009221366952752,-0.1537350714206696,-0.07654516398906708,0.1123367175459862,0.03362107276916504,-0.04053191840648651,-0.03044074773788452,XArbitraryZVertical,-0.09565287828445435,0.3259873390197754,0.1351136416196823,0.9307668805122375,0.6326844692230225,0.08997038751840591,-0.769165575504303
2018-10-13 01:19:37.531 -0400,127,1539407977.000172,42.39114068452491,-72.52710275358756,58.27932,0,211.2890625,3,5,-9999,890442.5468016251,0.740386962890625,-0.0023040771484375,-0.819549560546875,890442.541765625,0.3155964492797229,0.6884633585171259,-0.08815941264922432,0.1870234161615372,-0.07318968325853348,-0.07195190340280533,0.1003620028495789,-0.05677999556064606,-0.04835689067840576,XArbitraryZVertical,-0.09394547343254089,0.3264385461807251,0.1330954730510712,0.9310733079910278,0.6328838467597961,0.08804526180028915,-0.769224226474762
2018-10-13 01:19:37.535 -0400,128,1539407977.000172,42.39114068452491,-72.52710275358756,58.27932,0,211.2890625,3,5,-9999,890442.586870625,0.6389923095703125,0.09808349609375,-0.766693115234375,890442.5818356251,0.3161677515878816,0.6843212260583753,-0.08665260729026464,0.00396473053842783,-0.1022555232048035,-0.02125490084290504,-0.02467286586761475,0.01228697597980499,-0.01582443714141846,XArbitraryZVertical,-0.0930638387799263,0.3246052861213684,0.1338101774454117,0.9317001700401306,0.6297754049301147,0.0865442082285881,-0.771941065788269
2018-10-13 01:19:37.564 -0400,129,1539407977.000172,42.39114068452491,-72.52710275358756,58.27932,0,211.2890625,3,5,-9999,890442.626909625,0.612579345703125,0.1096649169921875,-0.7421875,890442.6219056251,0.3168169662745158,0.6801776903815948,-0.08840011662388035,-0.02276290208101273,-0.06240697950124741,-0.01300655864179134,-0.02134227752685547,0.02427905797958374,0.03748667240142822,XArbitraryZVertical,-0.09370177984237671,0.3225018084049225,0.1340121328830719,0.9323373436927795,0.6264753341674805,0.08828502893447876,-0.7744251489639282
2018-10-13 01:19:37.605 -0400,130,1539407977.000172,42.39114068452491,-72.52710275358756,58.27932,0,211.2890625,3,5,-9999,890442.666979625,0.627532958984375,0.08197021484375,-0.746917724609375,890442.6619746251,0.3168748976047565,0.6788110964893207,-0.08895294043707358,-0.0333356186747551,-0.02484622038900852,-0.00458883959800005,0.006572365760803223,-0.01463218033313751,0.0308118462562561,XArbitraryZVertical,-0.09387600421905518,0.3218168616294861,0.1340105384588242,0.9325566291809082,0.6253856420516968,0.08883567899465561,-0.7752423882484436
2018-10-13 01:19:37.644 -0400,131,1539407977.000172,42.39114068452491,-72.52710275358756,58.27932,0,211.2890625,3,5,-9999,890442.7070496251,0.629730224609375,0.09320068359375,-0.7365875244140625,890442.7020446251,0.3171917353427154,0.6787735851266663,-0.09034241180794399,-0.02559643052518368,-0.0121294092386961,-0.01204316131770611,0.007930755615234375,-0.005273893475532532,0.03861206769943237,XArbitraryZVertical,-0.09456905722618103,0.3216708898544312,0.1339272409677505,0.932548999786377,0.6252784729003906,0.09021957218647003,-0.7751690745353699
2018-10-13 01:19:37.685 -0400,132,1539407977.000172,42.39114068452491,-72.52710275358756,58.27932,0,211.2890625,3,5,-9999,890442.7471186251,0.627166748046875,0.0843963623046875,-0.755218505859375,890442.742113625,0.3166522850847135,0.6793303186865447,-0.09056732017593097,0.01986180432140827,0.007769897114485502,-0.01265941560268402,0.004338204860687256,0.006144583225250244,0.01821327209472656,XArbitraryZVertical,-0.09462381899356842,0.3219375908374786,0.1336116790771484,0.9324967265129089,0.6256971955299377,0.09044355899095535,-0.7748050689697266
2018-10-13 01:19:37.725 -0400,133,1539407977.000172,42.39114068452491,-72.52710275358756,58.27932,0,211.2890625,3,5,-9999,890442.7871886251,0.63720703125,0.077606201171875,-0.7682647705078125,890442.782183625,0.3153116648254399,0.6804698226310143,-0.08938809972076897,0.01465050131082535,0.01738863624632359,-0.02132321149110794,0.00569307804107666,-0.01218171417713165,0.004856288433074951,XArbitraryZVertical,-0.09393677115440369,0.3226281404495239,0.133130818605423,0.9323963522911072,0.6266463398933411,0.08926910907030106,-0.7741739153862
2018-10-13 01:19:37.765 -0400,134,1539407977.000172,42.39114068452491,-72.52710275358756,58.27932,0,211.2890625,3,5,-9999,890442.8272576251,0.6396942138671875,0.0917205810546875,-0.776947021484375,890442.822252625,0.3149007132707489,0.6819054774111258,-0.0904998042782731,0.0008217273280024529,0.03244646266102791,-0.02686937712132931,0.003744959831237793,-0.0006546378135681152,-0.006345033645629883,XArbitraryZVertical,-0.09448142349720001,0.3232263624668121,0.132684737443924,0.9321976900100708,0.6276942491531372,0.09037631750106812,-0.7731959819793701
2018-10-13 01:19:37.805 -0400,135,1539407977.000172,42.39114068452491,-72.52710275358756,58.27932,0,211.2890625,3,5,-9999,890442.867327625,0.63714599609375,0.07073974609375,-0.790252685546875,890442.862322625,0.314541689088674,0.682429125485051,-0.09032573455025895,-0.002107453998178244,-0.0111531438305974,0.008614847436547279,0.0109749436378479,-0.01944795250892639,-0.01636624336242676,XArbitraryZVertical,-0.09437738358974457,0.3235015273094177,0.1325219869613647,0.9321358799934387,0.6281089186668396,0.09020295739173889,-0.7728793621063232
2018-10-13 01:19:37.845 -0400,136,1539407977.000172,42.39114068452491,-72.52710275358756,58.27932,0,211.2890625,3,5,-9999,890442.907397625,0.623931884765625,0.10626220703125,-0.77618408203125,890442.9023926251,0.3153902907917816,0.6821656332825938,-0.09060015933831572,0.002308052498847246,-0.004804850555956364,0.004353123251348734,-0.003835678100585938,0.008461728692054749,-0.007095277309417725,XArbitraryZVertical,-0.094624362885952,0.3233163058757782,0.1328837275505066,0.9321236610412598,0.6278896331787109,0.09047625958919525,-0.7730255722999573
2018-10-13 01:19:37.885 -0400,137,1539407977.000172,42.39114068452491,-72.52710275358756,58.27932,0,211.2890625,3,5,-9999,890442.947466625,0.5773773193359375,-0.0147552490234375,-0.7461700439453125,890442.9424616251,0.3129804086081119,0.6803717314385581,-0.0892891548563398,0.1211451515555382,-0.2040370404720306,-0.06278236955404282,0.1938585638999939,-0.2356549352407455,-0.001987576484680176,XArbitraryZVertical,-0.09350825846195221,0.3226996660232544,0.1320651024580002,0.932566225528717,0.6265759468078613,0.08917056024074554,-0.7742422819137573
2018-10-13 01:19:37.925 -0400,138,1539407977.000172,42.39114068452491,-72.52710275358756,58.27932,0,211.2890625,3,5,-9999,890442.987536625,0.6594696044921875,0.11956787109375,-0.801422119140625,890442.9825316251,0.3141089598389399,0.6814911839115694,-0.08993399805628664,0.02321527153253555,0.1091214343905449,-0.04393251612782478,-0.02381402254104614,-0.02122455835342407,-0.02710264921188354,XArbitraryZVertical,-0.09406363964080811,0.3231165111064911,0.1324304044246674,0.9323140978813171,0.6274059414863586,0.08981281518936157,-0.7734954953193665
